Image,Label
mnist/0.png,7
mnist/1.png,2
mnist/2.png,1
mnist/3.png,0
mnist/4.png,4
mnist/5.png,1
mnist/6.png,4
mnist/7.png,9
mnist/8.png,5
mnist/9.png,9
mnist/10.png,0
mnist/11.png,6
mnist/12.png,9
mnist/13.png,0
mnist/14.png,1
mnist/15.png,5
mnist/16.png,9
mnist/17.png,7
mnist/18.png,3
mnist/19.png,4
mnist/20.png,9
mnist/21.png,6
mnist/22.png,6
mnist/23.png,5
mnist/24.png,4
mnist/25.png,0
mnist/26.png,7
mnist/27.png,4
mnist/28.png,0
mnist/29.png,1
mnist/30.png,3
mnist/31.png,1
mnist/32.png,3
mnist/33.png,4
mnist/34.png,7
mnist/35.png,2
mnist/36.png,7
mnist/37.png,1
mnist/38.png,2
mnist/39.png,1
mnist/40.png,1
mnist/41.png,7
mnist/42.png,4
mnist/43.png,2
mnist/44.png,3
mnist/45.png,5
mnist/46.png,1
mnist/47.png,2
mnist/48.png,4
mnist/49.png,4
mnist/50.png,6
mnist/51.png,3
mnist/52.png,5
mnist/53.png,5
mnist/54.png,6
mnist/55.png,0
mnist/56.png,4
mnist/57.png,1
mnist/58.png,9
mnist/59.png,5
mnist/60.png,7
mnist/61.png,8
mnist/62.png,9
mnist/63.png,3
mnist/64.png,7
mnist/65.png,4
mnist/66.png,6
mnist/67.png,4
mnist/68.png,3
mnist/69.png,0
mnist/70.png,7
mnist/71.png,0
mnist/72.png,2
mnist/73.png,9
mnist/74.png,1
mnist/75.png,7
mnist/76.png,3
mnist/77.png,2
mnist/78.png,9
mnist/79.png,7
mnist/80.png,7
mnist/81.png,6
mnist/82.png,2
mnist/83.png,7
mnist/84.png,8
mnist/85.png,4
mnist/86.png,7
mnist/87.png,3
mnist/88.png,6
mnist/89.png,1
mnist/90.png,3
mnist/91.png,6
mnist/92.png,9
mnist/93.png,3
mnist/94.png,1
mnist/95.png,4
mnist/96.png,1
mnist/97.png,7
mnist/98.png,6
mnist/99.png,9
mnist/100.png,6
mnist/101.png,0
mnist/102.png,5
mnist/103.png,4
mnist/104.png,9
mnist/105.png,9
mnist/106.png,2
mnist/107.png,1
mnist/108.png,9
mnist/109.png,4
mnist/110.png,8
mnist/111.png,7
mnist/112.png,3
mnist/113.png,9
mnist/114.png,7
mnist/115.png,4
mnist/116.png,4
mnist/117.png,4
mnist/118.png,9
mnist/119.png,2
mnist/120.png,5
mnist/121.png,4
mnist/122.png,7
mnist/123.png,6
mnist/124.png,7
mnist/125.png,9
mnist/126.png,0
mnist/127.png,5
mnist/128.png,8
mnist/129.png,5
mnist/130.png,6
mnist/131.png,6
mnist/132.png,5
mnist/133.png,7
mnist/134.png,8
mnist/135.png,1
mnist/136.png,0
mnist/137.png,1
mnist/138.png,6
mnist/139.png,4
mnist/140.png,6
mnist/141.png,7
mnist/142.png,3
mnist/143.png,1
mnist/144.png,7
mnist/145.png,1
mnist/146.png,8
mnist/147.png,2
mnist/148.png,0
mnist/149.png,2
mnist/150.png,9
mnist/151.png,9
mnist/152.png,5
mnist/153.png,5
mnist/154.png,1
mnist/155.png,5
mnist/156.png,6
mnist/157.png,0
mnist/158.png,3
mnist/159.png,4
mnist/160.png,4
mnist/161.png,6
mnist/162.png,5
mnist/163.png,4
mnist/164.png,6
mnist/165.png,5
mnist/166.png,4
mnist/167.png,5
mnist/168.png,1
mnist/169.png,4
mnist/170.png,4
mnist/171.png,7
mnist/172.png,2
mnist/173.png,3
mnist/174.png,2
mnist/175.png,7
mnist/176.png,1
mnist/177.png,8
mnist/178.png,1
mnist/179.png,8
mnist/180.png,1
mnist/181.png,8
mnist/182.png,5
mnist/183.png,0
mnist/184.png,8
mnist/185.png,9
mnist/186.png,2
mnist/187.png,5
mnist/188.png,0
mnist/189.png,1
mnist/190.png,1
mnist/191.png,1
mnist/192.png,0
mnist/193.png,9
mnist/194.png,0
mnist/195.png,3
mnist/196.png,1
mnist/197.png,6
mnist/198.png,4
mnist/199.png,2
mnist/200.png,3
mnist/201.png,6
mnist/202.png,1
mnist/203.png,1
mnist/204.png,1
mnist/205.png,3
mnist/206.png,9
mnist/207.png,5
mnist/208.png,2
mnist/209.png,9
mnist/210.png,4
mnist/211.png,5
mnist/212.png,9
mnist/213.png,3
mnist/214.png,9
mnist/215.png,0
mnist/216.png,3
mnist/217.png,6
mnist/218.png,5
mnist/219.png,5
mnist/220.png,7
mnist/221.png,2
mnist/222.png,2
mnist/223.png,7
mnist/224.png,1
mnist/225.png,2
mnist/226.png,8
mnist/227.png,4
mnist/228.png,1
mnist/229.png,7
mnist/230.png,3
mnist/231.png,3
mnist/232.png,8
mnist/233.png,8
mnist/234.png,7
mnist/235.png,9
mnist/236.png,2
mnist/237.png,2
mnist/238.png,4
mnist/239.png,1
mnist/240.png,5
mnist/241.png,9
mnist/242.png,8
mnist/243.png,7
mnist/244.png,2
mnist/245.png,3
mnist/246.png,0
mnist/247.png,4
mnist/248.png,4
mnist/249.png,2
mnist/250.png,4
mnist/251.png,1
mnist/252.png,9
mnist/253.png,5
mnist/254.png,7
mnist/255.png,7
mnist/256.png,2
mnist/257.png,8
mnist/258.png,2
mnist/259.png,6
mnist/260.png,8
mnist/261.png,5
mnist/262.png,7
mnist/263.png,7
mnist/264.png,9
mnist/265.png,1
mnist/266.png,8
mnist/267.png,1
mnist/268.png,8
mnist/269.png,0
mnist/270.png,3
mnist/271.png,0
mnist/272.png,1
mnist/273.png,9
mnist/274.png,9
mnist/275.png,4
mnist/276.png,1
mnist/277.png,8
mnist/278.png,2
mnist/279.png,1
mnist/280.png,2
mnist/281.png,9
mnist/282.png,7
mnist/283.png,5
mnist/284.png,9
mnist/285.png,2
mnist/286.png,6
mnist/287.png,4
mnist/288.png,1
mnist/289.png,5
mnist/290.png,8
mnist/291.png,2
mnist/292.png,9
mnist/293.png,2
mnist/294.png,0
mnist/295.png,4
mnist/296.png,0
mnist/297.png,0
mnist/298.png,2
mnist/299.png,8
mnist/300.png,4
mnist/301.png,7
mnist/302.png,1
mnist/303.png,2
mnist/304.png,4
mnist/305.png,0
mnist/306.png,2
mnist/307.png,7
mnist/308.png,4
mnist/309.png,3
mnist/310.png,3
mnist/311.png,0
mnist/312.png,0
mnist/313.png,3
mnist/314.png,1
mnist/315.png,9
mnist/316.png,6
mnist/317.png,5
mnist/318.png,2
mnist/319.png,5
mnist/320.png,9
mnist/321.png,2
mnist/322.png,9
mnist/323.png,3
mnist/324.png,0
mnist/325.png,4
mnist/326.png,2
mnist/327.png,0
mnist/328.png,7
mnist/329.png,1
mnist/330.png,1
mnist/331.png,2
mnist/332.png,1
mnist/333.png,5
mnist/334.png,3
mnist/335.png,3
mnist/336.png,9
mnist/337.png,7
mnist/338.png,8
mnist/339.png,6
mnist/340.png,5
mnist/341.png,6
mnist/342.png,1
mnist/343.png,3
mnist/344.png,8
mnist/345.png,1
mnist/346.png,0
mnist/347.png,5
mnist/348.png,1
mnist/349.png,3
mnist/350.png,1
mnist/351.png,5
mnist/352.png,5
mnist/353.png,6
mnist/354.png,1
mnist/355.png,8
mnist/356.png,5
mnist/357.png,1
mnist/358.png,7
mnist/359.png,9
mnist/360.png,4
mnist/361.png,6
mnist/362.png,2
mnist/363.png,2
mnist/364.png,5
mnist/365.png,0
mnist/366.png,6
mnist/367.png,5
mnist/368.png,6
mnist/369.png,3
mnist/370.png,7
mnist/371.png,2
mnist/372.png,0
mnist/373.png,8
mnist/374.png,8
mnist/375.png,5
mnist/376.png,4
mnist/377.png,1
mnist/378.png,1
mnist/379.png,4
mnist/380.png,0
mnist/381.png,3
mnist/382.png,3
mnist/383.png,7
mnist/384.png,6
mnist/385.png,1
mnist/386.png,6
mnist/387.png,2
mnist/388.png,1
mnist/389.png,9
mnist/390.png,2
mnist/391.png,8
mnist/392.png,6
mnist/393.png,1
mnist/394.png,9
mnist/395.png,5
mnist/396.png,2
mnist/397.png,5
mnist/398.png,4
mnist/399.png,4
mnist/400.png,2
mnist/401.png,8
mnist/402.png,3
mnist/403.png,8
mnist/404.png,2
mnist/405.png,4
mnist/406.png,5
mnist/407.png,0
mnist/408.png,3
mnist/409.png,1
mnist/410.png,7
mnist/411.png,7
mnist/412.png,5
mnist/413.png,7
mnist/414.png,9
mnist/415.png,7
mnist/416.png,1
mnist/417.png,9
mnist/418.png,2
mnist/419.png,1
mnist/420.png,4
mnist/421.png,2
mnist/422.png,9
mnist/423.png,2
mnist/424.png,0
mnist/425.png,4
mnist/426.png,9
mnist/427.png,1
mnist/428.png,4
mnist/429.png,8
mnist/430.png,1
mnist/431.png,8
mnist/432.png,4
mnist/433.png,5
mnist/434.png,9
mnist/435.png,8
mnist/436.png,8
mnist/437.png,3
mnist/438.png,7
mnist/439.png,6
mnist/440.png,0
mnist/441.png,0
mnist/442.png,3
mnist/443.png,0
mnist/444.png,2
mnist/445.png,6
mnist/446.png,6
mnist/447.png,4
mnist/448.png,9
mnist/449.png,3
mnist/450.png,3
mnist/451.png,3
mnist/452.png,2
mnist/453.png,3
mnist/454.png,9
mnist/455.png,1
mnist/456.png,2
mnist/457.png,6
mnist/458.png,8
mnist/459.png,0
mnist/460.png,5
mnist/461.png,6
mnist/462.png,6
mnist/463.png,6
mnist/464.png,3
mnist/465.png,8
mnist/466.png,8
mnist/467.png,2
mnist/468.png,7
mnist/469.png,5
mnist/470.png,8
mnist/471.png,9
mnist/472.png,6
mnist/473.png,1
mnist/474.png,8
mnist/475.png,4
mnist/476.png,1
mnist/477.png,2
mnist/478.png,5
mnist/479.png,9
mnist/480.png,1
mnist/481.png,9
mnist/482.png,7
mnist/483.png,5
mnist/484.png,4
mnist/485.png,0
mnist/486.png,8
mnist/487.png,9
mnist/488.png,9
mnist/489.png,1
mnist/490.png,0
mnist/491.png,5
mnist/492.png,2
mnist/493.png,3
mnist/494.png,7
mnist/495.png,8
mnist/496.png,9
mnist/497.png,4
mnist/498.png,0
mnist/499.png,6
mnist/500.png,3
mnist/501.png,9
mnist/502.png,5
mnist/503.png,2
mnist/504.png,1
mnist/505.png,3
mnist/506.png,1
mnist/507.png,3
mnist/508.png,6
mnist/509.png,5
mnist/510.png,7
mnist/511.png,4
mnist/512.png,2
mnist/513.png,2
mnist/514.png,6
mnist/515.png,3
mnist/516.png,2
mnist/517.png,6
mnist/518.png,5
mnist/519.png,4
mnist/520.png,8
mnist/521.png,9
mnist/522.png,7
mnist/523.png,1
mnist/524.png,3
mnist/525.png,0
mnist/526.png,3
mnist/527.png,8
mnist/528.png,3
mnist/529.png,1
mnist/530.png,9
mnist/531.png,3
mnist/532.png,4
mnist/533.png,4
mnist/534.png,6
mnist/535.png,4
mnist/536.png,2
mnist/537.png,1
mnist/538.png,8
mnist/539.png,2
mnist/540.png,5
mnist/541.png,4
mnist/542.png,8
mnist/543.png,8
mnist/544.png,4
mnist/545.png,0
mnist/546.png,0
mnist/547.png,2
mnist/548.png,3
mnist/549.png,2
mnist/550.png,7
mnist/551.png,7
mnist/552.png,0
mnist/553.png,8
mnist/554.png,7
mnist/555.png,4
mnist/556.png,4
mnist/557.png,7
mnist/558.png,9
mnist/559.png,6
mnist/560.png,9
mnist/561.png,0
mnist/562.png,9
mnist/563.png,8
mnist/564.png,0
mnist/565.png,4
mnist/566.png,6
mnist/567.png,0
mnist/568.png,6
mnist/569.png,3
mnist/570.png,5
mnist/571.png,4
mnist/572.png,8
mnist/573.png,3
mnist/574.png,3
mnist/575.png,9
mnist/576.png,3
mnist/577.png,3
mnist/578.png,3
mnist/579.png,7
mnist/580.png,8
mnist/581.png,0
mnist/582.png,8
mnist/583.png,2
mnist/584.png,1
mnist/585.png,7
mnist/586.png,0
mnist/587.png,6
mnist/588.png,5
mnist/589.png,4
mnist/590.png,3
mnist/591.png,8
mnist/592.png,0
mnist/593.png,9
mnist/594.png,6
mnist/595.png,3
mnist/596.png,8
mnist/597.png,0
mnist/598.png,9
mnist/599.png,9
mnist/600.png,6
mnist/601.png,8
mnist/602.png,6
mnist/603.png,8
mnist/604.png,5
mnist/605.png,7
mnist/606.png,8
mnist/607.png,6
mnist/608.png,0
mnist/609.png,2
mnist/610.png,4
mnist/611.png,0
mnist/612.png,2
mnist/613.png,2
mnist/614.png,3
mnist/615.png,1
mnist/616.png,9
mnist/617.png,7
mnist/618.png,5
mnist/619.png,1
mnist/620.png,0
mnist/621.png,8
mnist/622.png,4
mnist/623.png,6
mnist/624.png,2
mnist/625.png,6
mnist/626.png,7
mnist/627.png,9
mnist/628.png,3
mnist/629.png,2
mnist/630.png,9
mnist/631.png,8
mnist/632.png,2
mnist/633.png,2
mnist/634.png,9
mnist/635.png,2
mnist/636.png,7
mnist/637.png,3
mnist/638.png,5
mnist/639.png,9
mnist/640.png,1
mnist/641.png,8
mnist/642.png,0
mnist/643.png,2
mnist/644.png,0
mnist/645.png,5
mnist/646.png,2
mnist/647.png,1
mnist/648.png,3
mnist/649.png,7
mnist/650.png,6
mnist/651.png,7
mnist/652.png,1
mnist/653.png,2
mnist/654.png,5
mnist/655.png,8
mnist/656.png,0
mnist/657.png,3
mnist/658.png,7
mnist/659.png,2
mnist/660.png,4
mnist/661.png,0
mnist/662.png,9
mnist/663.png,1
mnist/664.png,8
mnist/665.png,6
mnist/666.png,7
mnist/667.png,7
mnist/668.png,4
mnist/669.png,3
mnist/670.png,4
mnist/671.png,9
mnist/672.png,1
mnist/673.png,9
mnist/674.png,5
mnist/675.png,1
mnist/676.png,7
mnist/677.png,3
mnist/678.png,9
mnist/679.png,7
mnist/680.png,6
mnist/681.png,9
mnist/682.png,1
mnist/683.png,3
mnist/684.png,7
mnist/685.png,8
mnist/686.png,3
mnist/687.png,3
mnist/688.png,6
mnist/689.png,7
mnist/690.png,2
mnist/691.png,8
mnist/692.png,5
mnist/693.png,8
mnist/694.png,5
mnist/695.png,1
mnist/696.png,1
mnist/697.png,4
mnist/698.png,4
mnist/699.png,3
mnist/700.png,1
mnist/701.png,0
mnist/702.png,7
mnist/703.png,7
mnist/704.png,0
mnist/705.png,7
mnist/706.png,9
mnist/707.png,4
mnist/708.png,4
mnist/709.png,8
mnist/710.png,5
mnist/711.png,5
mnist/712.png,4
mnist/713.png,0
mnist/714.png,8
mnist/715.png,2
mnist/716.png,1
mnist/717.png,0
mnist/718.png,8
mnist/719.png,4
mnist/720.png,5
mnist/721.png,0
mnist/722.png,4
mnist/723.png,0
mnist/724.png,6
mnist/725.png,1
mnist/726.png,7
mnist/727.png,3
mnist/728.png,2
mnist/729.png,6
mnist/730.png,7
mnist/731.png,2
mnist/732.png,6
mnist/733.png,9
mnist/734.png,3
mnist/735.png,1
mnist/736.png,4
mnist/737.png,6
mnist/738.png,2
mnist/739.png,5
mnist/740.png,4
mnist/741.png,2
mnist/742.png,0
mnist/743.png,6
mnist/744.png,2
mnist/745.png,1
mnist/746.png,7
mnist/747.png,3
mnist/748.png,4
mnist/749.png,1
mnist/750.png,0
mnist/751.png,5
mnist/752.png,4
mnist/753.png,3
mnist/754.png,1
mnist/755.png,1
mnist/756.png,7
mnist/757.png,4
mnist/758.png,9
mnist/759.png,9
mnist/760.png,4
mnist/761.png,8
mnist/762.png,4
mnist/763.png,0
mnist/764.png,2
mnist/765.png,4
mnist/766.png,5
mnist/767.png,1
mnist/768.png,1
mnist/769.png,6
mnist/770.png,4
mnist/771.png,7
mnist/772.png,1
mnist/773.png,9
mnist/774.png,4
mnist/775.png,2
mnist/776.png,4
mnist/777.png,1
mnist/778.png,5
mnist/779.png,5
mnist/780.png,3
mnist/781.png,8
mnist/782.png,3
mnist/783.png,1
mnist/784.png,4
mnist/785.png,5
mnist/786.png,6
mnist/787.png,8
mnist/788.png,9
mnist/789.png,4
mnist/790.png,1
mnist/791.png,5
mnist/792.png,3
mnist/793.png,8
mnist/794.png,0
mnist/795.png,3
mnist/796.png,2
mnist/797.png,5
mnist/798.png,1
mnist/799.png,2
mnist/800.png,8
mnist/801.png,3
mnist/802.png,4
mnist/803.png,4
mnist/804.png,0
mnist/805.png,8
mnist/806.png,8
mnist/807.png,3
mnist/808.png,3
mnist/809.png,1
mnist/810.png,7
mnist/811.png,3
mnist/812.png,5
mnist/813.png,9
mnist/814.png,6
mnist/815.png,3
mnist/816.png,2
mnist/817.png,6
mnist/818.png,1
mnist/819.png,3
mnist/820.png,6
mnist/821.png,0
mnist/822.png,7
mnist/823.png,2
mnist/824.png,1
mnist/825.png,7
mnist/826.png,1
mnist/827.png,4
mnist/828.png,2
mnist/829.png,4
mnist/830.png,2
mnist/831.png,1
mnist/832.png,7
mnist/833.png,9
mnist/834.png,6
mnist/835.png,1
mnist/836.png,1
mnist/837.png,2
mnist/838.png,4
mnist/839.png,8
mnist/840.png,1
mnist/841.png,7
mnist/842.png,7
mnist/843.png,4
mnist/844.png,8
mnist/845.png,0
mnist/846.png,7
mnist/847.png,3
mnist/848.png,1
mnist/849.png,3
mnist/850.png,1
mnist/851.png,0
mnist/852.png,7
mnist/853.png,7
mnist/854.png,0
mnist/855.png,3
mnist/856.png,5
mnist/857.png,5
mnist/858.png,2
mnist/859.png,7
mnist/860.png,6
mnist/861.png,6
mnist/862.png,9
mnist/863.png,2
mnist/864.png,8
mnist/865.png,3
mnist/866.png,5
mnist/867.png,2
mnist/868.png,2
mnist/869.png,5
mnist/870.png,6
mnist/871.png,0
mnist/872.png,8
mnist/873.png,2
mnist/874.png,9
mnist/875.png,2
mnist/876.png,8
mnist/877.png,8
mnist/878.png,8
mnist/879.png,8
mnist/880.png,7
mnist/881.png,4
mnist/882.png,9
mnist/883.png,3
mnist/884.png,0
mnist/885.png,6
mnist/886.png,6
mnist/887.png,3
mnist/888.png,2
mnist/889.png,1
mnist/890.png,3
mnist/891.png,2
mnist/892.png,2
mnist/893.png,9
mnist/894.png,3
mnist/895.png,0
mnist/896.png,0
mnist/897.png,5
mnist/898.png,7
mnist/899.png,8
mnist/900.png,1
mnist/901.png,4
mnist/902.png,4
mnist/903.png,6
mnist/904.png,0
mnist/905.png,2
mnist/906.png,9
mnist/907.png,1
mnist/908.png,4
mnist/909.png,7
mnist/910.png,4
mnist/911.png,7
mnist/912.png,3
mnist/913.png,9
mnist/914.png,8
mnist/915.png,8
mnist/916.png,4
mnist/917.png,7
mnist/918.png,1
mnist/919.png,2
mnist/920.png,1
mnist/921.png,2
mnist/922.png,2
mnist/923.png,3
mnist/924.png,2
mnist/925.png,3
mnist/926.png,2
mnist/927.png,3
mnist/928.png,9
mnist/929.png,1
mnist/930.png,7
mnist/931.png,4
mnist/932.png,0
mnist/933.png,3
mnist/934.png,5
mnist/935.png,5
mnist/936.png,8
mnist/937.png,6
mnist/938.png,3
mnist/939.png,2
mnist/940.png,6
mnist/941.png,7
mnist/942.png,6
mnist/943.png,6
mnist/944.png,3
mnist/945.png,2
mnist/946.png,7
mnist/947.png,8
mnist/948.png,1
mnist/949.png,1
mnist/950.png,7
mnist/951.png,5
mnist/952.png,6
mnist/953.png,4
mnist/954.png,9
mnist/955.png,5
mnist/956.png,1
mnist/957.png,3
mnist/958.png,3
mnist/959.png,4
mnist/960.png,7
mnist/961.png,8
mnist/962.png,9
mnist/963.png,1
mnist/964.png,1
mnist/965.png,6
mnist/966.png,9
mnist/967.png,1
mnist/968.png,4
mnist/969.png,4
mnist/970.png,5
mnist/971.png,4
mnist/972.png,0
mnist/973.png,6
mnist/974.png,2
mnist/975.png,2
mnist/976.png,3
mnist/977.png,1
mnist/978.png,5
mnist/979.png,1
mnist/980.png,2
mnist/981.png,0
mnist/982.png,3
mnist/983.png,8
mnist/984.png,1
mnist/985.png,2
mnist/986.png,6
mnist/987.png,7
mnist/988.png,1
mnist/989.png,6
mnist/990.png,2
mnist/991.png,3
mnist/992.png,9
mnist/993.png,0
mnist/994.png,1
mnist/995.png,2
mnist/996.png,2
mnist/997.png,0
mnist/998.png,8
mnist/999.png,9
mnist/1000.png,9
mnist/1001.png,0
mnist/1002.png,2
mnist/1003.png,5
mnist/1004.png,1
mnist/1005.png,9
mnist/1006.png,7
mnist/1007.png,8
mnist/1008.png,1
mnist/1009.png,0
mnist/1010.png,4
mnist/1011.png,1
mnist/1012.png,7
mnist/1013.png,9
mnist/1014.png,6
mnist/1015.png,4
mnist/1016.png,2
mnist/1017.png,6
mnist/1018.png,8
mnist/1019.png,1
mnist/1020.png,3
mnist/1021.png,7
mnist/1022.png,5
mnist/1023.png,4
mnist/1024.png,4
mnist/1025.png,1
mnist/1026.png,8
mnist/1027.png,1
mnist/1028.png,3
mnist/1029.png,8
mnist/1030.png,1
mnist/1031.png,2
mnist/1032.png,5
mnist/1033.png,8
mnist/1034.png,0
mnist/1035.png,6
mnist/1036.png,2
mnist/1037.png,1
mnist/1038.png,1
mnist/1039.png,7
mnist/1040.png,1
mnist/1041.png,5
mnist/1042.png,3
mnist/1043.png,4
mnist/1044.png,6
mnist/1045.png,9
mnist/1046.png,5
mnist/1047.png,0
mnist/1048.png,9
mnist/1049.png,2
mnist/1050.png,2
mnist/1051.png,4
mnist/1052.png,8
mnist/1053.png,2
mnist/1054.png,1
mnist/1055.png,7
mnist/1056.png,2
mnist/1057.png,4
mnist/1058.png,9
mnist/1059.png,4
mnist/1060.png,4
mnist/1061.png,0
mnist/1062.png,3
mnist/1063.png,9
mnist/1064.png,2
mnist/1065.png,2
mnist/1066.png,3
mnist/1067.png,3
mnist/1068.png,8
mnist/1069.png,3
mnist/1070.png,5
mnist/1071.png,7
mnist/1072.png,3
mnist/1073.png,5
mnist/1074.png,8
mnist/1075.png,1
mnist/1076.png,2
mnist/1077.png,4
mnist/1078.png,4
mnist/1079.png,6
mnist/1080.png,4
mnist/1081.png,9
mnist/1082.png,5
mnist/1083.png,1
mnist/1084.png,0
mnist/1085.png,6
mnist/1086.png,9
mnist/1087.png,5
mnist/1088.png,9
mnist/1089.png,5
mnist/1090.png,9
mnist/1091.png,7
mnist/1092.png,3
mnist/1093.png,8
mnist/1094.png,0
mnist/1095.png,3
mnist/1096.png,7
mnist/1097.png,1
mnist/1098.png,3
mnist/1099.png,6
mnist/1100.png,7
mnist/1101.png,8
mnist/1102.png,5
mnist/1103.png,9
mnist/1104.png,7
mnist/1105.png,9
mnist/1106.png,6
mnist/1107.png,9
mnist/1108.png,6
mnist/1109.png,3
mnist/1110.png,7
mnist/1111.png,4
mnist/1112.png,4
mnist/1113.png,5
mnist/1114.png,3
mnist/1115.png,5
mnist/1116.png,4
mnist/1117.png,7
mnist/1118.png,8
mnist/1119.png,7
mnist/1120.png,8
mnist/1121.png,0
mnist/1122.png,7
mnist/1123.png,6
mnist/1124.png,8
mnist/1125.png,8
mnist/1126.png,7
mnist/1127.png,3
mnist/1128.png,3
mnist/1129.png,1
mnist/1130.png,9
mnist/1131.png,5
mnist/1132.png,2
mnist/1133.png,7
mnist/1134.png,3
mnist/1135.png,5
mnist/1136.png,1
mnist/1137.png,1
mnist/1138.png,2
mnist/1139.png,1
mnist/1140.png,4
mnist/1141.png,7
mnist/1142.png,4
mnist/1143.png,7
mnist/1144.png,5
mnist/1145.png,4
mnist/1146.png,5
mnist/1147.png,4
mnist/1148.png,0
mnist/1149.png,8
mnist/1150.png,3
mnist/1151.png,6
mnist/1152.png,9
mnist/1153.png,6
mnist/1154.png,0
mnist/1155.png,2
mnist/1156.png,7
mnist/1157.png,4
mnist/1158.png,4
mnist/1159.png,4
mnist/1160.png,4
mnist/1161.png,6
mnist/1162.png,6
mnist/1163.png,4
mnist/1164.png,7
mnist/1165.png,9
mnist/1166.png,3
mnist/1167.png,4
mnist/1168.png,5
mnist/1169.png,5
mnist/1170.png,8
mnist/1171.png,7
mnist/1172.png,3
mnist/1173.png,7
mnist/1174.png,2
mnist/1175.png,7
mnist/1176.png,0
mnist/1177.png,2
mnist/1178.png,4
mnist/1179.png,1
mnist/1180.png,1
mnist/1181.png,6
mnist/1182.png,6
mnist/1183.png,9
mnist/1184.png,2
mnist/1185.png,8
mnist/1186.png,7
mnist/1187.png,2
mnist/1188.png,0
mnist/1189.png,1
mnist/1190.png,5
mnist/1191.png,0
mnist/1192.png,9
mnist/1193.png,1
mnist/1194.png,7
mnist/1195.png,0
mnist/1196.png,6
mnist/1197.png,0
mnist/1198.png,8
mnist/1199.png,6
mnist/1200.png,8
mnist/1201.png,1
mnist/1202.png,8
mnist/1203.png,0
mnist/1204.png,3
mnist/1205.png,3
mnist/1206.png,7
mnist/1207.png,2
mnist/1208.png,3
mnist/1209.png,6
mnist/1210.png,2
mnist/1211.png,1
mnist/1212.png,6
mnist/1213.png,1
mnist/1214.png,1
mnist/1215.png,3
mnist/1216.png,7
mnist/1217.png,9
mnist/1218.png,0
mnist/1219.png,8
mnist/1220.png,0
mnist/1221.png,5
mnist/1222.png,4
mnist/1223.png,0
mnist/1224.png,2
mnist/1225.png,8
mnist/1226.png,7
mnist/1227.png,2
mnist/1228.png,9
mnist/1229.png,8
mnist/1230.png,4
mnist/1231.png,0
mnist/1232.png,9
mnist/1233.png,5
mnist/1234.png,8
mnist/1235.png,5
mnist/1236.png,1
mnist/1237.png,2
mnist/1238.png,1
mnist/1239.png,3
mnist/1240.png,1
mnist/1241.png,7
mnist/1242.png,4
mnist/1243.png,5
mnist/1244.png,7
mnist/1245.png,2
mnist/1246.png,0
mnist/1247.png,9
mnist/1248.png,8
mnist/1249.png,8
mnist/1250.png,6
mnist/1251.png,2
mnist/1252.png,5
mnist/1253.png,4
mnist/1254.png,1
mnist/1255.png,9
mnist/1256.png,2
mnist/1257.png,1
mnist/1258.png,5
mnist/1259.png,8
mnist/1260.png,7
mnist/1261.png,0
mnist/1262.png,2
mnist/1263.png,4
mnist/1264.png,4
mnist/1265.png,3
mnist/1266.png,6
mnist/1267.png,8
mnist/1268.png,8
mnist/1269.png,2
mnist/1270.png,4
mnist/1271.png,0
mnist/1272.png,5
mnist/1273.png,0
mnist/1274.png,4
mnist/1275.png,4
mnist/1276.png,7
mnist/1277.png,9
mnist/1278.png,3
mnist/1279.png,4
mnist/1280.png,1
mnist/1281.png,5
mnist/1282.png,9
mnist/1283.png,7
mnist/1284.png,3
mnist/1285.png,5
mnist/1286.png,8
mnist/1287.png,8
mnist/1288.png,0
mnist/1289.png,5
mnist/1290.png,3
mnist/1291.png,3
mnist/1292.png,6
mnist/1293.png,6
mnist/1294.png,0
mnist/1295.png,1
mnist/1296.png,6
mnist/1297.png,0
mnist/1298.png,3
mnist/1299.png,5
mnist/1300.png,4
mnist/1301.png,4
mnist/1302.png,1
mnist/1303.png,2
mnist/1304.png,9
mnist/1305.png,1
mnist/1306.png,4
mnist/1307.png,6
mnist/1308.png,9
mnist/1309.png,9
mnist/1310.png,3
mnist/1311.png,9
mnist/1312.png,8
mnist/1313.png,4
mnist/1314.png,4
mnist/1315.png,3
mnist/1316.png,1
mnist/1317.png,3
mnist/1318.png,1
mnist/1319.png,8
mnist/1320.png,8
mnist/1321.png,7
mnist/1322.png,9
mnist/1323.png,4
mnist/1324.png,8
mnist/1325.png,8
mnist/1326.png,7
mnist/1327.png,9
mnist/1328.png,7
mnist/1329.png,1
mnist/1330.png,4
mnist/1331.png,5
mnist/1332.png,6
mnist/1333.png,0
mnist/1334.png,5
mnist/1335.png,2
mnist/1336.png,2
mnist/1337.png,2
mnist/1338.png,1
mnist/1339.png,5
mnist/1340.png,5
mnist/1341.png,2
mnist/1342.png,4
mnist/1343.png,9
mnist/1344.png,6
mnist/1345.png,2
mnist/1346.png,7
mnist/1347.png,7
mnist/1348.png,2
mnist/1349.png,2
mnist/1350.png,1
mnist/1351.png,1
mnist/1352.png,2
mnist/1353.png,8
mnist/1354.png,3
mnist/1355.png,7
mnist/1356.png,2
mnist/1357.png,4
mnist/1358.png,1
mnist/1359.png,7
mnist/1360.png,1
mnist/1361.png,7
mnist/1362.png,6
mnist/1363.png,7
mnist/1364.png,8
mnist/1365.png,2
mnist/1366.png,7
mnist/1367.png,3
mnist/1368.png,1
mnist/1369.png,7
mnist/1370.png,5
mnist/1371.png,8
mnist/1372.png,2
mnist/1373.png,6
mnist/1374.png,2
mnist/1375.png,2
mnist/1376.png,5
mnist/1377.png,6
mnist/1378.png,5
mnist/1379.png,0
mnist/1380.png,9
mnist/1381.png,2
mnist/1382.png,4
mnist/1383.png,3
mnist/1384.png,3
mnist/1385.png,9
mnist/1386.png,7
mnist/1387.png,6
mnist/1388.png,6
mnist/1389.png,8
mnist/1390.png,0
mnist/1391.png,4
mnist/1392.png,1
mnist/1393.png,5
mnist/1394.png,8
mnist/1395.png,2
mnist/1396.png,9
mnist/1397.png,1
mnist/1398.png,8
mnist/1399.png,0
mnist/1400.png,6
mnist/1401.png,7
mnist/1402.png,2
mnist/1403.png,1
mnist/1404.png,0
mnist/1405.png,5
mnist/1406.png,5
mnist/1407.png,2
mnist/1408.png,0
mnist/1409.png,2
mnist/1410.png,2
mnist/1411.png,0
mnist/1412.png,2
mnist/1413.png,4
mnist/1414.png,9
mnist/1415.png,8
mnist/1416.png,0
mnist/1417.png,9
mnist/1418.png,9
mnist/1419.png,4
mnist/1420.png,6
mnist/1421.png,5
mnist/1422.png,4
mnist/1423.png,9
mnist/1424.png,1
mnist/1425.png,8
mnist/1426.png,3
mnist/1427.png,4
mnist/1428.png,9
mnist/1429.png,9
mnist/1430.png,1
mnist/1431.png,2
mnist/1432.png,2
mnist/1433.png,8
mnist/1434.png,1
mnist/1435.png,9
mnist/1436.png,6
mnist/1437.png,4
mnist/1438.png,0
mnist/1439.png,9
mnist/1440.png,4
mnist/1441.png,8
mnist/1442.png,3
mnist/1443.png,8
mnist/1444.png,6
mnist/1445.png,0
mnist/1446.png,2
mnist/1447.png,5
mnist/1448.png,1
mnist/1449.png,9
mnist/1450.png,6
mnist/1451.png,2
mnist/1452.png,9
mnist/1453.png,4
mnist/1454.png,0
mnist/1455.png,9
mnist/1456.png,6
mnist/1457.png,0
mnist/1458.png,6
mnist/1459.png,2
mnist/1460.png,5
mnist/1461.png,4
mnist/1462.png,2
mnist/1463.png,3
mnist/1464.png,8
mnist/1465.png,4
mnist/1466.png,5
mnist/1467.png,5
mnist/1468.png,0
mnist/1469.png,3
mnist/1470.png,8
mnist/1471.png,5
mnist/1472.png,3
mnist/1473.png,5
mnist/1474.png,8
mnist/1475.png,6
mnist/1476.png,5
mnist/1477.png,7
mnist/1478.png,6
mnist/1479.png,3
mnist/1480.png,3
mnist/1481.png,9
mnist/1482.png,6
mnist/1483.png,1
mnist/1484.png,1
mnist/1485.png,2
mnist/1486.png,9
mnist/1487.png,0
mnist/1488.png,4
mnist/1489.png,3
mnist/1490.png,3
mnist/1491.png,6
mnist/1492.png,9
mnist/1493.png,5
mnist/1494.png,7
mnist/1495.png,3
mnist/1496.png,7
mnist/1497.png,7
mnist/1498.png,7
mnist/1499.png,8
mnist/1500.png,7
mnist/1501.png,9
mnist/1502.png,8
mnist/1503.png,3
mnist/1504.png,0
mnist/1505.png,7
mnist/1506.png,2
mnist/1507.png,7
mnist/1508.png,9
mnist/1509.png,4
mnist/1510.png,5
mnist/1511.png,4
mnist/1512.png,9
mnist/1513.png,3
mnist/1514.png,2
mnist/1515.png,1
mnist/1516.png,4
mnist/1517.png,0
mnist/1518.png,2
mnist/1519.png,3
mnist/1520.png,7
mnist/1521.png,5
mnist/1522.png,7
mnist/1523.png,8
mnist/1524.png,8
mnist/1525.png,5
mnist/1526.png,0
mnist/1527.png,1
mnist/1528.png,1
mnist/1529.png,4
mnist/1530.png,8
mnist/1531.png,3
mnist/1532.png,9
mnist/1533.png,0
mnist/1534.png,0
mnist/1535.png,0
mnist/1536.png,6
mnist/1537.png,6
mnist/1538.png,2
mnist/1539.png,3
mnist/1540.png,7
mnist/1541.png,8
mnist/1542.png,4
mnist/1543.png,7
mnist/1544.png,7
mnist/1545.png,9
mnist/1546.png,2
mnist/1547.png,4
mnist/1548.png,1
mnist/1549.png,4
mnist/1550.png,5
mnist/1551.png,2
mnist/1552.png,4
mnist/1553.png,9
mnist/1554.png,9
mnist/1555.png,1
mnist/1556.png,8
mnist/1557.png,4
mnist/1558.png,0
mnist/1559.png,9
mnist/1560.png,8
mnist/1561.png,4
mnist/1562.png,8
mnist/1563.png,7
mnist/1564.png,7
mnist/1565.png,0
mnist/1566.png,7
mnist/1567.png,8
mnist/1568.png,8
mnist/1569.png,6
mnist/1570.png,0
mnist/1571.png,4
mnist/1572.png,8
mnist/1573.png,8
mnist/1574.png,2
mnist/1575.png,4
mnist/1576.png,7
mnist/1577.png,6
mnist/1578.png,6
mnist/1579.png,6
mnist/1580.png,4
mnist/1581.png,7
mnist/1582.png,1
mnist/1583.png,8
mnist/1584.png,8
mnist/1585.png,2
mnist/1586.png,3
mnist/1587.png,6
mnist/1588.png,3
mnist/1589.png,0
mnist/1590.png,0
mnist/1591.png,3
mnist/1592.png,7
mnist/1593.png,6
mnist/1594.png,9
mnist/1595.png,7
mnist/1596.png,9
mnist/1597.png,9
mnist/1598.png,5
mnist/1599.png,4
mnist/1600.png,3
mnist/1601.png,3
mnist/1602.png,6
mnist/1603.png,1
mnist/1604.png,2
mnist/1605.png,3
mnist/1606.png,7
mnist/1607.png,3
mnist/1608.png,3
mnist/1609.png,2
mnist/1610.png,0
mnist/1611.png,3
mnist/1612.png,3
mnist/1613.png,8
mnist/1614.png,4
mnist/1615.png,3
mnist/1616.png,6
mnist/1617.png,3
mnist/1618.png,5
mnist/1619.png,0
mnist/1620.png,2
mnist/1621.png,0
mnist/1622.png,9
mnist/1623.png,0
mnist/1624.png,7
mnist/1625.png,4
mnist/1626.png,6
mnist/1627.png,9
mnist/1628.png,3
mnist/1629.png,5
mnist/1630.png,1
mnist/1631.png,9
mnist/1632.png,6
mnist/1633.png,1
mnist/1634.png,4
mnist/1635.png,5
mnist/1636.png,4
mnist/1637.png,5
mnist/1638.png,0
mnist/1639.png,5
mnist/1640.png,9
mnist/1641.png,5
mnist/1642.png,2
mnist/1643.png,1
mnist/1644.png,2
mnist/1645.png,9
mnist/1646.png,1
mnist/1647.png,9
mnist/1648.png,9
mnist/1649.png,4
mnist/1650.png,0
mnist/1651.png,8
mnist/1652.png,4
mnist/1653.png,5
mnist/1654.png,2
mnist/1655.png,9
mnist/1656.png,2
mnist/1657.png,1
mnist/1658.png,2
mnist/1659.png,1
mnist/1660.png,7
mnist/1661.png,3
mnist/1662.png,6
mnist/1663.png,8
mnist/1664.png,8
mnist/1665.png,4
mnist/1666.png,9
mnist/1667.png,1
mnist/1668.png,9
mnist/1669.png,8
mnist/1670.png,5
mnist/1671.png,7
mnist/1672.png,5
mnist/1673.png,1
mnist/1674.png,1
mnist/1675.png,8
mnist/1676.png,6
mnist/1677.png,5
mnist/1678.png,2
mnist/1679.png,4
mnist/1680.png,4
mnist/1681.png,3
mnist/1682.png,2
mnist/1683.png,3
mnist/1684.png,5
mnist/1685.png,6
mnist/1686.png,8
mnist/1687.png,8
mnist/1688.png,6
mnist/1689.png,2
mnist/1690.png,3
mnist/1691.png,1
mnist/1692.png,0
mnist/1693.png,5
mnist/1694.png,8
mnist/1695.png,9
mnist/1696.png,2
mnist/1697.png,9
mnist/1698.png,6
mnist/1699.png,7
mnist/1700.png,0
mnist/1701.png,4
mnist/1702.png,8
mnist/1703.png,7
mnist/1704.png,1
mnist/1705.png,7
mnist/1706.png,4
mnist/1707.png,1
mnist/1708.png,0
mnist/1709.png,9
mnist/1710.png,7
mnist/1711.png,2
mnist/1712.png,0
mnist/1713.png,0
mnist/1714.png,9
mnist/1715.png,1
mnist/1716.png,7
mnist/1717.png,8
mnist/1718.png,7
mnist/1719.png,8
mnist/1720.png,4
mnist/1721.png,7
mnist/1722.png,2
mnist/1723.png,0
mnist/1724.png,4
mnist/1725.png,6
mnist/1726.png,0
mnist/1727.png,3
mnist/1728.png,1
mnist/1729.png,1
mnist/1730.png,3
mnist/1731.png,3
mnist/1732.png,9
mnist/1733.png,6
mnist/1734.png,7
mnist/1735.png,4
mnist/1736.png,1
mnist/1737.png,5
mnist/1738.png,3
mnist/1739.png,0
mnist/1740.png,8
mnist/1741.png,7
mnist/1742.png,3
mnist/1743.png,9
mnist/1744.png,6
mnist/1745.png,9
mnist/1746.png,3
mnist/1747.png,5
mnist/1748.png,0
mnist/1749.png,2
mnist/1750.png,7
mnist/1751.png,4
mnist/1752.png,5
mnist/1753.png,1
mnist/1754.png,7
mnist/1755.png,5
mnist/1756.png,8
mnist/1757.png,0
mnist/1758.png,8
mnist/1759.png,8
mnist/1760.png,1
mnist/1761.png,5
mnist/1762.png,0
mnist/1763.png,3
mnist/1764.png,0
mnist/1765.png,3
mnist/1766.png,1
mnist/1767.png,4
mnist/1768.png,0
mnist/1769.png,3
mnist/1770.png,7
mnist/1771.png,2
mnist/1772.png,7
mnist/1773.png,1
mnist/1774.png,8
mnist/1775.png,0
mnist/1776.png,7
mnist/1777.png,0
mnist/1778.png,4
mnist/1779.png,3
mnist/1780.png,1
mnist/1781.png,9
mnist/1782.png,8
mnist/1783.png,7
mnist/1784.png,7
mnist/1785.png,1
mnist/1786.png,4
mnist/1787.png,9
mnist/1788.png,9
mnist/1789.png,3
mnist/1790.png,2
mnist/1791.png,1
mnist/1792.png,7
mnist/1793.png,9
mnist/1794.png,0
mnist/1795.png,2
mnist/1796.png,0
mnist/1797.png,3
mnist/1798.png,3
mnist/1799.png,7
mnist/1800.png,6
mnist/1801.png,9
mnist/1802.png,2
mnist/1803.png,3
mnist/1804.png,3
mnist/1805.png,7
mnist/1806.png,7
mnist/1807.png,0
mnist/1808.png,0
mnist/1809.png,7
mnist/1810.png,5
mnist/1811.png,2
mnist/1812.png,9
mnist/1813.png,8
mnist/1814.png,7
mnist/1815.png,4
mnist/1816.png,4
mnist/1817.png,2
mnist/1818.png,6
mnist/1819.png,6
mnist/1820.png,1
mnist/1821.png,9
mnist/1822.png,6
mnist/1823.png,8
mnist/1824.png,2
mnist/1825.png,9
mnist/1826.png,0
mnist/1827.png,8
mnist/1828.png,3
mnist/1829.png,1
mnist/1830.png,1
mnist/1831.png,6
mnist/1832.png,3
mnist/1833.png,5
mnist/1834.png,1
mnist/1835.png,1
mnist/1836.png,1
mnist/1837.png,3
mnist/1838.png,1
mnist/1839.png,2
mnist/1840.png,3
mnist/1841.png,0
mnist/1842.png,2
mnist/1843.png,0
mnist/1844.png,1
mnist/1845.png,3
mnist/1846.png,5
mnist/1847.png,5
mnist/1848.png,7
mnist/1849.png,4
mnist/1850.png,8
mnist/1851.png,9
mnist/1852.png,6
mnist/1853.png,9
mnist/1854.png,6
mnist/1855.png,8
mnist/1856.png,3
mnist/1857.png,6
mnist/1858.png,6
mnist/1859.png,8
mnist/1860.png,5
mnist/1861.png,1
mnist/1862.png,4
mnist/1863.png,2
mnist/1864.png,4
mnist/1865.png,4
mnist/1866.png,5
mnist/1867.png,1
mnist/1868.png,1
mnist/1869.png,9
mnist/1870.png,0
mnist/1871.png,2
mnist/1872.png,4
mnist/1873.png,9
mnist/1874.png,5
mnist/1875.png,7
mnist/1876.png,1
mnist/1877.png,8
mnist/1878.png,8
mnist/1879.png,5
mnist/1880.png,6
mnist/1881.png,9
mnist/1882.png,8
mnist/1883.png,7
mnist/1884.png,1
mnist/1885.png,1
mnist/1886.png,6
mnist/1887.png,7
mnist/1888.png,6
mnist/1889.png,3
mnist/1890.png,2
mnist/1891.png,2
mnist/1892.png,0
mnist/1893.png,8
mnist/1894.png,9
mnist/1895.png,2
mnist/1896.png,5
mnist/1897.png,1
mnist/1898.png,0
mnist/1899.png,8
mnist/1900.png,1
mnist/1901.png,9
mnist/1902.png,5
mnist/1903.png,7
mnist/1904.png,9
mnist/1905.png,6
mnist/1906.png,9
mnist/1907.png,0
mnist/1908.png,6
mnist/1909.png,1
mnist/1910.png,5
mnist/1911.png,5
mnist/1912.png,8
mnist/1913.png,3
mnist/1914.png,8
mnist/1915.png,2
mnist/1916.png,6
mnist/1917.png,5
mnist/1918.png,0
mnist/1919.png,7
mnist/1920.png,4
mnist/1921.png,6
mnist/1922.png,1
mnist/1923.png,3
mnist/1924.png,4
mnist/1925.png,7
mnist/1926.png,3
mnist/1927.png,2
mnist/1928.png,3
mnist/1929.png,4
mnist/1930.png,2
mnist/1931.png,5
mnist/1932.png,2
mnist/1933.png,7
mnist/1934.png,1
mnist/1935.png,7
mnist/1936.png,2
mnist/1937.png,6
mnist/1938.png,4
mnist/1939.png,1
mnist/1940.png,5
mnist/1941.png,7
mnist/1942.png,8
mnist/1943.png,6
mnist/1944.png,0
mnist/1945.png,1
mnist/1946.png,8
mnist/1947.png,2
mnist/1948.png,5
mnist/1949.png,7
mnist/1950.png,7
mnist/1951.png,6
mnist/1952.png,9
mnist/1953.png,3
mnist/1954.png,5
mnist/1955.png,8
mnist/1956.png,4
mnist/1957.png,2
mnist/1958.png,4
mnist/1959.png,0
mnist/1960.png,8
mnist/1961.png,8
mnist/1962.png,3
mnist/1963.png,4
mnist/1964.png,9
mnist/1965.png,2
mnist/1966.png,7
mnist/1967.png,5
mnist/1968.png,8
mnist/1969.png,6
mnist/1970.png,5
mnist/1971.png,6
mnist/1972.png,0
mnist/1973.png,8
mnist/1974.png,6
mnist/1975.png,7
mnist/1976.png,3
mnist/1977.png,6
mnist/1978.png,4
mnist/1979.png,9
mnist/1980.png,4
mnist/1981.png,6
mnist/1982.png,6
mnist/1983.png,3
mnist/1984.png,2
mnist/1985.png,4
mnist/1986.png,1
mnist/1987.png,0
mnist/1988.png,1
mnist/1989.png,4
mnist/1990.png,6
mnist/1991.png,2
mnist/1992.png,9
mnist/1993.png,1
mnist/1994.png,1
mnist/1995.png,0
mnist/1996.png,6
mnist/1997.png,3
mnist/1998.png,9
mnist/1999.png,5
mnist/2000.png,6
mnist/2001.png,5
mnist/2002.png,6
mnist/2003.png,5
mnist/2004.png,8
mnist/2005.png,4
mnist/2006.png,6
mnist/2007.png,4
mnist/2008.png,3
mnist/2009.png,9
mnist/2010.png,1
mnist/2011.png,3
mnist/2012.png,4
mnist/2013.png,1
mnist/2014.png,9
mnist/2015.png,1
mnist/2016.png,7
mnist/2017.png,1
mnist/2018.png,1
mnist/2019.png,9
mnist/2020.png,3
mnist/2021.png,5
mnist/2022.png,4
mnist/2023.png,0
mnist/2024.png,7
mnist/2025.png,3
mnist/2026.png,6
mnist/2027.png,1
mnist/2028.png,7
mnist/2029.png,5
mnist/2030.png,5
mnist/2031.png,3
mnist/2032.png,3
mnist/2033.png,0
mnist/2034.png,1
mnist/2035.png,5
mnist/2036.png,7
mnist/2037.png,5
mnist/2038.png,8
mnist/2039.png,6
mnist/2040.png,5
mnist/2041.png,1
mnist/2042.png,0
mnist/2043.png,4
mnist/2044.png,2
mnist/2045.png,3
mnist/2046.png,4
mnist/2047.png,6
mnist/2048.png,7
mnist/2049.png,9
mnist/2050.png,8
mnist/2051.png,1
mnist/2052.png,8
mnist/2053.png,4
mnist/2054.png,9
mnist/2055.png,2
mnist/2056.png,8
mnist/2057.png,6
mnist/2058.png,2
mnist/2059.png,7
mnist/2060.png,0
mnist/2061.png,0
mnist/2062.png,6
mnist/2063.png,7
mnist/2064.png,5
mnist/2065.png,8
mnist/2066.png,6
mnist/2067.png,0
mnist/2068.png,9
mnist/2069.png,3
mnist/2070.png,7
mnist/2071.png,1
mnist/2072.png,3
mnist/2073.png,5
mnist/2074.png,4
mnist/2075.png,3
mnist/2076.png,3
mnist/2077.png,5
mnist/2078.png,5
mnist/2079.png,6
mnist/2080.png,3
mnist/2081.png,0
mnist/2082.png,2
mnist/2083.png,3
mnist/2084.png,4
mnist/2085.png,2
mnist/2086.png,3
mnist/2087.png,0
mnist/2088.png,9
mnist/2089.png,9
mnist/2090.png,4
mnist/2091.png,7
mnist/2092.png,2
mnist/2093.png,8
mnist/2094.png,4
mnist/2095.png,7
mnist/2096.png,0
mnist/2097.png,6
mnist/2098.png,2
mnist/2099.png,8
mnist/2100.png,5
mnist/2101.png,2
mnist/2102.png,8
mnist/2103.png,5
mnist/2104.png,7
mnist/2105.png,3
mnist/2106.png,0
mnist/2107.png,8
mnist/2108.png,2
mnist/2109.png,3
mnist/2110.png,2
mnist/2111.png,8
mnist/2112.png,2
mnist/2113.png,5
mnist/2114.png,5
mnist/2115.png,7
mnist/2116.png,6
mnist/2117.png,4
mnist/2118.png,6
mnist/2119.png,8
mnist/2120.png,4
mnist/2121.png,8
mnist/2122.png,2
mnist/2123.png,7
mnist/2124.png,4
mnist/2125.png,5
mnist/2126.png,2
mnist/2127.png,0
mnist/2128.png,3
mnist/2129.png,9
mnist/2130.png,4
mnist/2131.png,6
mnist/2132.png,7
mnist/2133.png,2
mnist/2134.png,5
mnist/2135.png,6
mnist/2136.png,1
mnist/2137.png,1
mnist/2138.png,2
mnist/2139.png,3
mnist/2140.png,6
mnist/2141.png,7
mnist/2142.png,8
mnist/2143.png,7
mnist/2144.png,6
mnist/2145.png,4
mnist/2146.png,8
mnist/2147.png,9
mnist/2148.png,4
mnist/2149.png,8
mnist/2150.png,6
mnist/2151.png,3
mnist/2152.png,8
mnist/2153.png,3
mnist/2154.png,1
mnist/2155.png,0
mnist/2156.png,6
mnist/2157.png,2
mnist/2158.png,2
mnist/2159.png,5
mnist/2160.png,6
mnist/2161.png,9
mnist/2162.png,5
mnist/2163.png,8
mnist/2164.png,1
mnist/2165.png,4
mnist/2166.png,1
mnist/2167.png,7
mnist/2168.png,8
mnist/2169.png,4
mnist/2170.png,6
mnist/2171.png,1
mnist/2172.png,8
mnist/2173.png,4
mnist/2174.png,3
mnist/2175.png,1
mnist/2176.png,2
mnist/2177.png,8
mnist/2178.png,0
mnist/2179.png,8
mnist/2180.png,5
mnist/2181.png,9
mnist/2182.png,1
mnist/2183.png,4
mnist/2184.png,2
mnist/2185.png,0
mnist/2186.png,2
mnist/2187.png,7
mnist/2188.png,0
mnist/2189.png,9
mnist/2190.png,0
mnist/2191.png,2
mnist/2192.png,5
mnist/2193.png,7
mnist/2194.png,6
mnist/2195.png,7
mnist/2196.png,9
mnist/2197.png,4
mnist/2198.png,2
mnist/2199.png,6
mnist/2200.png,2
mnist/2201.png,4
mnist/2202.png,4
mnist/2203.png,8
mnist/2204.png,0
mnist/2205.png,4
mnist/2206.png,4
mnist/2207.png,5
mnist/2208.png,8
mnist/2209.png,0
mnist/2210.png,6
mnist/2211.png,8
mnist/2212.png,9
mnist/2213.png,8
mnist/2214.png,5
mnist/2215.png,6
mnist/2216.png,9
mnist/2217.png,0
mnist/2218.png,4
mnist/2219.png,8
mnist/2220.png,7
mnist/2221.png,1
mnist/2222.png,3
mnist/2223.png,4
mnist/2224.png,5
mnist/2225.png,8
mnist/2226.png,0
mnist/2227.png,9
mnist/2228.png,1
mnist/2229.png,3
mnist/2230.png,3
mnist/2231.png,6
mnist/2232.png,9
mnist/2233.png,8
mnist/2234.png,7
mnist/2235.png,1
mnist/2236.png,0
mnist/2237.png,5
mnist/2238.png,7
mnist/2239.png,1
mnist/2240.png,7
mnist/2241.png,5
mnist/2242.png,2
mnist/2243.png,7
mnist/2244.png,9
mnist/2245.png,1
mnist/2246.png,8
mnist/2247.png,5
mnist/2248.png,2
mnist/2249.png,4
mnist/2250.png,9
mnist/2251.png,4
mnist/2252.png,7
mnist/2253.png,2
mnist/2254.png,2
mnist/2255.png,3
mnist/2256.png,4
mnist/2257.png,9
mnist/2258.png,1
mnist/2259.png,9
mnist/2260.png,2
mnist/2261.png,1
mnist/2262.png,7
mnist/2263.png,9
mnist/2264.png,4
mnist/2265.png,4
mnist/2266.png,1
mnist/2267.png,6
mnist/2268.png,7
mnist/2269.png,2
mnist/2270.png,7
mnist/2271.png,8
mnist/2272.png,8
mnist/2273.png,1
mnist/2274.png,9
mnist/2275.png,7
mnist/2276.png,1
mnist/2277.png,1
mnist/2278.png,7
mnist/2279.png,5
mnist/2280.png,3
mnist/2281.png,3
mnist/2282.png,5
mnist/2283.png,1
mnist/2284.png,3
mnist/2285.png,7
mnist/2286.png,6
mnist/2287.png,1
mnist/2288.png,3
mnist/2289.png,8
mnist/2290.png,7
mnist/2291.png,5
mnist/2292.png,9
mnist/2293.png,9
mnist/2294.png,0
mnist/2295.png,0
mnist/2296.png,2
mnist/2297.png,8
mnist/2298.png,8
mnist/2299.png,2
mnist/2300.png,3
mnist/2301.png,7
mnist/2302.png,1
mnist/2303.png,3
mnist/2304.png,0
mnist/2305.png,3
mnist/2306.png,4
mnist/2307.png,4
mnist/2308.png,3
mnist/2309.png,8
mnist/2310.png,9
mnist/2311.png,2
mnist/2312.png,3
mnist/2313.png,9
mnist/2314.png,7
mnist/2315.png,1
mnist/2316.png,1
mnist/2317.png,7
mnist/2318.png,0
mnist/2319.png,4
mnist/2320.png,9
mnist/2321.png,6
mnist/2322.png,5
mnist/2323.png,9
mnist/2324.png,1
mnist/2325.png,7
mnist/2326.png,0
mnist/2327.png,2
mnist/2328.png,0
mnist/2329.png,0
mnist/2330.png,4
mnist/2331.png,6
mnist/2332.png,7
mnist/2333.png,0
mnist/2334.png,7
mnist/2335.png,1
mnist/2336.png,4
mnist/2337.png,6
mnist/2338.png,4
mnist/2339.png,5
mnist/2340.png,4
mnist/2341.png,9
mnist/2342.png,9
mnist/2343.png,1
mnist/2344.png,7
mnist/2345.png,9
mnist/2346.png,5
mnist/2347.png,3
mnist/2348.png,3
mnist/2349.png,8
mnist/2350.png,2
mnist/2351.png,3
mnist/2352.png,6
mnist/2353.png,2
mnist/2354.png,2
mnist/2355.png,1
mnist/2356.png,1
mnist/2357.png,1
mnist/2358.png,1
mnist/2359.png,1
mnist/2360.png,6
mnist/2361.png,9
mnist/2362.png,8
mnist/2363.png,4
mnist/2364.png,3
mnist/2365.png,7
mnist/2366.png,1
mnist/2367.png,6
mnist/2368.png,4
mnist/2369.png,5
mnist/2370.png,0
mnist/2371.png,4
mnist/2372.png,7
mnist/2373.png,4
mnist/2374.png,2
mnist/2375.png,4
mnist/2376.png,0
mnist/2377.png,7
mnist/2378.png,0
mnist/2379.png,1
mnist/2380.png,9
mnist/2381.png,8
mnist/2382.png,8
mnist/2383.png,6
mnist/2384.png,0
mnist/2385.png,0
mnist/2386.png,4
mnist/2387.png,9
mnist/2388.png,6
mnist/2389.png,8
mnist/2390.png,2
mnist/2391.png,2
mnist/2392.png,3
mnist/2393.png,8
mnist/2394.png,4
mnist/2395.png,8
mnist/2396.png,2
mnist/2397.png,2
mnist/2398.png,1
mnist/2399.png,7
mnist/2400.png,5
mnist/2401.png,4
mnist/2402.png,4
mnist/2403.png,0
mnist/2404.png,4
mnist/2405.png,3
mnist/2406.png,9
mnist/2407.png,7
mnist/2408.png,3
mnist/2409.png,1
mnist/2410.png,0
mnist/2411.png,1
mnist/2412.png,2
mnist/2413.png,5
mnist/2414.png,9
mnist/2415.png,2
mnist/2416.png,1
mnist/2417.png,0
mnist/2418.png,1
mnist/2419.png,8
mnist/2420.png,9
mnist/2421.png,1
mnist/2422.png,6
mnist/2423.png,8
mnist/2424.png,3
mnist/2425.png,8
mnist/2426.png,9
mnist/2427.png,3
mnist/2428.png,6
mnist/2429.png,2
mnist/2430.png,8
mnist/2431.png,3
mnist/2432.png,2
mnist/2433.png,2
mnist/2434.png,1
mnist/2435.png,0
mnist/2436.png,4
mnist/2437.png,2
mnist/2438.png,9
mnist/2439.png,2
mnist/2440.png,4
mnist/2441.png,3
mnist/2442.png,7
mnist/2443.png,9
mnist/2444.png,1
mnist/2445.png,5
mnist/2446.png,2
mnist/2447.png,4
mnist/2448.png,9
mnist/2449.png,0
mnist/2450.png,3
mnist/2451.png,8
mnist/2452.png,5
mnist/2453.png,3
mnist/2454.png,6
mnist/2455.png,0
mnist/2456.png,9
mnist/2457.png,4
mnist/2458.png,6
mnist/2459.png,2
mnist/2460.png,5
mnist/2461.png,0
mnist/2462.png,2
mnist/2463.png,7
mnist/2464.png,4
mnist/2465.png,6
mnist/2466.png,6
mnist/2467.png,8
mnist/2468.png,6
mnist/2469.png,6
mnist/2470.png,8
mnist/2471.png,6
mnist/2472.png,9
mnist/2473.png,1
mnist/2474.png,7
mnist/2475.png,2
mnist/2476.png,5
mnist/2477.png,9
mnist/2478.png,9
mnist/2479.png,0
mnist/2480.png,7
mnist/2481.png,2
mnist/2482.png,7
mnist/2483.png,6
mnist/2484.png,7
mnist/2485.png,0
mnist/2486.png,6
mnist/2487.png,5
mnist/2488.png,2
mnist/2489.png,4
mnist/2490.png,7
mnist/2491.png,2
mnist/2492.png,0
mnist/2493.png,9
mnist/2494.png,9
mnist/2495.png,2
mnist/2496.png,2
mnist/2497.png,9
mnist/2498.png,4
mnist/2499.png,4
mnist/2500.png,2
mnist/2501.png,3
mnist/2502.png,3
mnist/2503.png,2
mnist/2504.png,1
mnist/2505.png,7
mnist/2506.png,0
mnist/2507.png,7
mnist/2508.png,6
mnist/2509.png,4
mnist/2510.png,1
mnist/2511.png,3
mnist/2512.png,8
mnist/2513.png,7
mnist/2514.png,4
mnist/2515.png,5
mnist/2516.png,9
mnist/2517.png,2
mnist/2518.png,5
mnist/2519.png,1
mnist/2520.png,8
mnist/2521.png,7
mnist/2522.png,3
mnist/2523.png,7
mnist/2524.png,1
mnist/2525.png,5
mnist/2526.png,5
mnist/2527.png,0
mnist/2528.png,9
mnist/2529.png,1
mnist/2530.png,4
mnist/2531.png,0
mnist/2532.png,6
mnist/2533.png,3
mnist/2534.png,3
mnist/2535.png,6
mnist/2536.png,0
mnist/2537.png,4
mnist/2538.png,9
mnist/2539.png,7
mnist/2540.png,5
mnist/2541.png,1
mnist/2542.png,6
mnist/2543.png,8
mnist/2544.png,9
mnist/2545.png,5
mnist/2546.png,5
mnist/2547.png,7
mnist/2548.png,9
mnist/2549.png,3
mnist/2550.png,8
mnist/2551.png,3
mnist/2552.png,8
mnist/2553.png,1
mnist/2554.png,5
mnist/2555.png,3
mnist/2556.png,5
mnist/2557.png,0
mnist/2558.png,5
mnist/2559.png,5
mnist/2560.png,3
mnist/2561.png,8
mnist/2562.png,6
mnist/2563.png,7
mnist/2564.png,7
mnist/2565.png,7
mnist/2566.png,3
mnist/2567.png,7
mnist/2568.png,0
mnist/2569.png,5
mnist/2570.png,9
mnist/2571.png,0
mnist/2572.png,2
mnist/2573.png,5
mnist/2574.png,5
mnist/2575.png,3
mnist/2576.png,1
mnist/2577.png,7
mnist/2578.png,7
mnist/2579.png,8
mnist/2580.png,6
mnist/2581.png,5
mnist/2582.png,9
mnist/2583.png,3
mnist/2584.png,8
mnist/2585.png,9
mnist/2586.png,5
mnist/2587.png,3
mnist/2588.png,7
mnist/2589.png,9
mnist/2590.png,1
mnist/2591.png,7
mnist/2592.png,0
mnist/2593.png,0
mnist/2594.png,3
mnist/2595.png,7
mnist/2596.png,2
mnist/2597.png,5
mnist/2598.png,8
mnist/2599.png,1
mnist/2600.png,8
mnist/2601.png,6
mnist/2602.png,2
mnist/2603.png,9
mnist/2604.png,5
mnist/2605.png,7
mnist/2606.png,5
mnist/2607.png,7
mnist/2608.png,8
mnist/2609.png,6
mnist/2610.png,2
mnist/2611.png,5
mnist/2612.png,1
mnist/2613.png,4
mnist/2614.png,8
mnist/2615.png,4
mnist/2616.png,5
mnist/2617.png,8
mnist/2618.png,3
mnist/2619.png,0
mnist/2620.png,6
mnist/2621.png,2
mnist/2622.png,7
mnist/2623.png,3
mnist/2624.png,3
mnist/2625.png,2
mnist/2626.png,1
mnist/2627.png,0
mnist/2628.png,7
mnist/2629.png,3
mnist/2630.png,4
mnist/2631.png,0
mnist/2632.png,3
mnist/2633.png,9
mnist/2634.png,3
mnist/2635.png,2
mnist/2636.png,8
mnist/2637.png,9
mnist/2638.png,0
mnist/2639.png,3
mnist/2640.png,8
mnist/2641.png,0
mnist/2642.png,7
mnist/2643.png,6
mnist/2644.png,5
mnist/2645.png,4
mnist/2646.png,7
mnist/2647.png,3
mnist/2648.png,9
mnist/2649.png,0
mnist/2650.png,8
mnist/2651.png,6
mnist/2652.png,2
mnist/2653.png,5
mnist/2654.png,6
mnist/2655.png,1
mnist/2656.png,0
mnist/2657.png,0
mnist/2658.png,4
mnist/2659.png,4
mnist/2660.png,0
mnist/2661.png,1
mnist/2662.png,2
mnist/2663.png,3
mnist/2664.png,2
mnist/2665.png,7
mnist/2666.png,7
mnist/2667.png,8
mnist/2668.png,5
mnist/2669.png,2
mnist/2670.png,5
mnist/2671.png,7
mnist/2672.png,6
mnist/2673.png,9
mnist/2674.png,1
mnist/2675.png,4
mnist/2676.png,1
mnist/2677.png,6
mnist/2678.png,4
mnist/2679.png,2
mnist/2680.png,4
mnist/2681.png,3
mnist/2682.png,5
mnist/2683.png,4
mnist/2684.png,3
mnist/2685.png,9
mnist/2686.png,5
mnist/2687.png,0
mnist/2688.png,1
mnist/2689.png,5
mnist/2690.png,3
mnist/2691.png,8
mnist/2692.png,9
mnist/2693.png,1
mnist/2694.png,9
mnist/2695.png,7
mnist/2696.png,9
mnist/2697.png,5
mnist/2698.png,5
mnist/2699.png,2
mnist/2700.png,7
mnist/2701.png,4
mnist/2702.png,6
mnist/2703.png,0
mnist/2704.png,1
mnist/2705.png,1
mnist/2706.png,1
mnist/2707.png,0
mnist/2708.png,4
mnist/2709.png,4
mnist/2710.png,7
mnist/2711.png,6
mnist/2712.png,3
mnist/2713.png,0
mnist/2714.png,0
mnist/2715.png,4
mnist/2716.png,3
mnist/2717.png,0
mnist/2718.png,6
mnist/2719.png,1
mnist/2720.png,9
mnist/2721.png,6
mnist/2722.png,1
mnist/2723.png,3
mnist/2724.png,8
mnist/2725.png,1
mnist/2726.png,2
mnist/2727.png,5
mnist/2728.png,6
mnist/2729.png,2
mnist/2730.png,7
mnist/2731.png,3
mnist/2732.png,6
mnist/2733.png,0
mnist/2734.png,1
mnist/2735.png,9
mnist/2736.png,7
mnist/2737.png,6
mnist/2738.png,6
mnist/2739.png,8
mnist/2740.png,9
mnist/2741.png,2
mnist/2742.png,9
mnist/2743.png,5
mnist/2744.png,8
mnist/2745.png,3
mnist/2746.png,1
mnist/2747.png,0
mnist/2748.png,0
mnist/2749.png,7
mnist/2750.png,6
mnist/2751.png,6
mnist/2752.png,2
mnist/2753.png,1
mnist/2754.png,6
mnist/2755.png,9
mnist/2756.png,3
mnist/2757.png,1
mnist/2758.png,8
mnist/2759.png,6
mnist/2760.png,9
mnist/2761.png,0
mnist/2762.png,6
mnist/2763.png,0
mnist/2764.png,0
mnist/2765.png,0
mnist/2766.png,6
mnist/2767.png,3
mnist/2768.png,5
mnist/2769.png,9
mnist/2770.png,3
mnist/2771.png,4
mnist/2772.png,5
mnist/2773.png,5
mnist/2774.png,8
mnist/2775.png,5
mnist/2776.png,3
mnist/2777.png,0
mnist/2778.png,4
mnist/2779.png,0
mnist/2780.png,2
mnist/2781.png,9
mnist/2782.png,6
mnist/2783.png,8
mnist/2784.png,2
mnist/2785.png,3
mnist/2786.png,1
mnist/2787.png,2
mnist/2788.png,1
mnist/2789.png,1
mnist/2790.png,5
mnist/2791.png,6
mnist/2792.png,9
mnist/2793.png,8
mnist/2794.png,0
mnist/2795.png,6
mnist/2796.png,6
mnist/2797.png,5
mnist/2798.png,5
mnist/2799.png,3
mnist/2800.png,8
mnist/2801.png,6
mnist/2802.png,2
mnist/2803.png,1
mnist/2804.png,4
mnist/2805.png,5
mnist/2806.png,4
mnist/2807.png,3
mnist/2808.png,7
mnist/2809.png,8
mnist/2810.png,5
mnist/2811.png,0
mnist/2812.png,9
mnist/2813.png,3
mnist/2814.png,5
mnist/2815.png,1
mnist/2816.png,1
mnist/2817.png,0
mnist/2818.png,4
mnist/2819.png,4
mnist/2820.png,7
mnist/2821.png,0
mnist/2822.png,1
mnist/2823.png,7
mnist/2824.png,0
mnist/2825.png,1
mnist/2826.png,6
mnist/2827.png,1
mnist/2828.png,4
mnist/2829.png,5
mnist/2830.png,6
mnist/2831.png,6
mnist/2832.png,5
mnist/2833.png,7
mnist/2834.png,8
mnist/2835.png,4
mnist/2836.png,4
mnist/2837.png,7
mnist/2838.png,2
mnist/2839.png,5
mnist/2840.png,3
mnist/2841.png,7
mnist/2842.png,0
mnist/2843.png,7
mnist/2844.png,7
mnist/2845.png,9
mnist/2846.png,6
mnist/2847.png,4
mnist/2848.png,2
mnist/2849.png,8
mnist/2850.png,5
mnist/2851.png,7
mnist/2852.png,8
mnist/2853.png,3
mnist/2854.png,9
mnist/2855.png,5
mnist/2856.png,8
mnist/2857.png,9
mnist/2858.png,9
mnist/2859.png,8
mnist/2860.png,6
mnist/2861.png,2
mnist/2862.png,8
mnist/2863.png,9
mnist/2864.png,2
mnist/2865.png,3
mnist/2866.png,6
mnist/2867.png,1
mnist/2868.png,1
mnist/2869.png,8
mnist/2870.png,9
mnist/2871.png,3
mnist/2872.png,4
mnist/2873.png,0
mnist/2874.png,7
mnist/2875.png,9
mnist/2876.png,6
mnist/2877.png,4
mnist/2878.png,1
mnist/2879.png,4
mnist/2880.png,1
mnist/2881.png,3
mnist/2882.png,4
mnist/2883.png,9
mnist/2884.png,3
mnist/2885.png,1
mnist/2886.png,4
mnist/2887.png,7
mnist/2888.png,7
mnist/2889.png,4
mnist/2890.png,7
mnist/2891.png,2
mnist/2892.png,9
mnist/2893.png,3
mnist/2894.png,0
mnist/2895.png,8
mnist/2896.png,8
mnist/2897.png,8
mnist/2898.png,4
mnist/2899.png,0
mnist/2900.png,4
mnist/2901.png,4
mnist/2902.png,1
mnist/2903.png,5
mnist/2904.png,2
mnist/2905.png,8
mnist/2906.png,3
mnist/2907.png,4
mnist/2908.png,9
mnist/2909.png,5
mnist/2910.png,2
mnist/2911.png,8
mnist/2912.png,1
mnist/2913.png,5
mnist/2914.png,3
mnist/2915.png,7
mnist/2916.png,9
mnist/2917.png,4
mnist/2918.png,2
mnist/2919.png,5
mnist/2920.png,6
mnist/2921.png,3
mnist/2922.png,5
mnist/2923.png,9
mnist/2924.png,3
mnist/2925.png,5
mnist/2926.png,9
mnist/2927.png,3
mnist/2928.png,1
mnist/2929.png,9
mnist/2930.png,5
mnist/2931.png,3
mnist/2932.png,0
mnist/2933.png,6
mnist/2934.png,9
mnist/2935.png,8
mnist/2936.png,4
mnist/2937.png,0
mnist/2938.png,4
mnist/2939.png,9
mnist/2940.png,2
mnist/2941.png,9
mnist/2942.png,0
mnist/2943.png,1
mnist/2944.png,0
mnist/2945.png,3
mnist/2946.png,1
mnist/2947.png,6
mnist/2948.png,5
mnist/2949.png,8
mnist/2950.png,1
mnist/2951.png,5
mnist/2952.png,3
mnist/2953.png,3
mnist/2954.png,0
mnist/2955.png,3
mnist/2956.png,5
mnist/2957.png,5
mnist/2958.png,9
mnist/2959.png,2
mnist/2960.png,8
mnist/2961.png,7
mnist/2962.png,0
mnist/2963.png,4
mnist/2964.png,9
mnist/2965.png,1
mnist/2966.png,9
mnist/2967.png,7
mnist/2968.png,7
mnist/2969.png,5
mnist/2970.png,5
mnist/2971.png,2
mnist/2972.png,0
mnist/2973.png,9
mnist/2974.png,1
mnist/2975.png,8
mnist/2976.png,6
mnist/2977.png,2
mnist/2978.png,3
mnist/2979.png,9
mnist/2980.png,6
mnist/2981.png,2
mnist/2982.png,1
mnist/2983.png,9
mnist/2984.png,1
mnist/2985.png,3
mnist/2986.png,5
mnist/2987.png,5
mnist/2988.png,0
mnist/2989.png,3
mnist/2990.png,8
mnist/2991.png,3
mnist/2992.png,3
mnist/2993.png,7
mnist/2994.png,6
mnist/2995.png,6
mnist/2996.png,0
mnist/2997.png,1
mnist/2998.png,4
mnist/2999.png,0
mnist/3000.png,6
mnist/3001.png,9
mnist/3002.png,8
mnist/3003.png,1
mnist/3004.png,2
mnist/3005.png,9
mnist/3006.png,9
mnist/3007.png,5
mnist/3008.png,9
mnist/3009.png,7
mnist/3010.png,3
mnist/3011.png,7
mnist/3012.png,8
mnist/3013.png,0
mnist/3014.png,1
mnist/3015.png,3
mnist/3016.png,0
mnist/3017.png,4
mnist/3018.png,6
mnist/3019.png,1
mnist/3020.png,0
mnist/3021.png,2
mnist/3022.png,5
mnist/3023.png,8
mnist/3024.png,4
mnist/3025.png,4
mnist/3026.png,1
mnist/3027.png,1
mnist/3028.png,5
mnist/3029.png,4
mnist/3030.png,6
mnist/3031.png,6
mnist/3032.png,0
mnist/3033.png,6
mnist/3034.png,9
mnist/3035.png,2
mnist/3036.png,6
mnist/3037.png,2
mnist/3038.png,7
mnist/3039.png,1
mnist/3040.png,7
mnist/3041.png,9
mnist/3042.png,4
mnist/3043.png,0
mnist/3044.png,0
mnist/3045.png,3
mnist/3046.png,8
mnist/3047.png,2
mnist/3048.png,2
mnist/3049.png,3
mnist/3050.png,1
mnist/3051.png,6
mnist/3052.png,0
mnist/3053.png,5
mnist/3054.png,7
mnist/3055.png,7
mnist/3056.png,9
mnist/3057.png,2
mnist/3058.png,6
mnist/3059.png,7
mnist/3060.png,9
mnist/3061.png,7
mnist/3062.png,8
mnist/3063.png,6
mnist/3064.png,8
mnist/3065.png,8
mnist/3066.png,4
mnist/3067.png,6
mnist/3068.png,8
mnist/3069.png,4
mnist/3070.png,1
mnist/3071.png,2
mnist/3072.png,8
mnist/3073.png,1
mnist/3074.png,3
mnist/3075.png,9
mnist/3076.png,4
mnist/3077.png,0
mnist/3078.png,3
mnist/3079.png,7
mnist/3080.png,3
mnist/3081.png,2
mnist/3082.png,3
mnist/3083.png,3
mnist/3084.png,7
mnist/3085.png,3
mnist/3086.png,4
mnist/3087.png,0
mnist/3088.png,6
mnist/3089.png,2
mnist/3090.png,0
mnist/3091.png,8
mnist/3092.png,1
mnist/3093.png,5
mnist/3094.png,3
mnist/3095.png,5
mnist/3096.png,4
mnist/3097.png,1
mnist/3098.png,7
mnist/3099.png,1
mnist/3100.png,5
mnist/3101.png,7
mnist/3102.png,5
mnist/3103.png,7
mnist/3104.png,3
mnist/3105.png,2
mnist/3106.png,2
mnist/3107.png,7
mnist/3108.png,3
mnist/3109.png,7
mnist/3110.png,3
mnist/3111.png,7
mnist/3112.png,8
mnist/3113.png,5
mnist/3114.png,4
mnist/3115.png,5
mnist/3116.png,2
mnist/3117.png,5
mnist/3118.png,6
mnist/3119.png,5
mnist/3120.png,3
mnist/3121.png,6
mnist/3122.png,7
mnist/3123.png,4
mnist/3124.png,1
mnist/3125.png,7
mnist/3126.png,1
mnist/3127.png,5
mnist/3128.png,2
mnist/3129.png,3
mnist/3130.png,6
mnist/3131.png,3
mnist/3132.png,1
mnist/3133.png,4
mnist/3134.png,2
mnist/3135.png,6
mnist/3136.png,7
mnist/3137.png,4
mnist/3138.png,3
mnist/3139.png,8
mnist/3140.png,0
mnist/3141.png,6
mnist/3142.png,2
mnist/3143.png,1
mnist/3144.png,6
mnist/3145.png,5
mnist/3146.png,3
mnist/3147.png,9
mnist/3148.png,1
mnist/3149.png,9
mnist/3150.png,3
mnist/3151.png,2
mnist/3152.png,1
mnist/3153.png,8
mnist/3154.png,4
mnist/3155.png,4
mnist/3156.png,6
mnist/3157.png,5
mnist/3158.png,8
mnist/3159.png,6
mnist/3160.png,9
mnist/3161.png,7
mnist/3162.png,7
mnist/3163.png,8
mnist/3164.png,6
mnist/3165.png,9
mnist/3166.png,7
mnist/3167.png,3
mnist/3168.png,9
mnist/3169.png,4
mnist/3170.png,0
mnist/3171.png,5
mnist/3172.png,4
mnist/3173.png,6
mnist/3174.png,4
mnist/3175.png,1
mnist/3176.png,2
mnist/3177.png,3
mnist/3178.png,0
mnist/3179.png,0
mnist/3180.png,2
mnist/3181.png,6
mnist/3182.png,6
mnist/3183.png,5
mnist/3184.png,7
mnist/3185.png,0
mnist/3186.png,8
mnist/3187.png,6
mnist/3188.png,4
mnist/3189.png,7
mnist/3190.png,9
mnist/3191.png,0
mnist/3192.png,7
mnist/3193.png,3
mnist/3194.png,4
mnist/3195.png,2
mnist/3196.png,1
mnist/3197.png,8
mnist/3198.png,8
mnist/3199.png,5
mnist/3200.png,9
mnist/3201.png,2
mnist/3202.png,7
mnist/3203.png,1
mnist/3204.png,8
mnist/3205.png,8
mnist/3206.png,8
mnist/3207.png,2
mnist/3208.png,7
mnist/3209.png,6
mnist/3210.png,0
mnist/3211.png,1
mnist/3212.png,2
mnist/3213.png,7
mnist/3214.png,1
mnist/3215.png,0
mnist/3216.png,8
mnist/3217.png,3
mnist/3218.png,6
mnist/3219.png,0
mnist/3220.png,5
mnist/3221.png,3
mnist/3222.png,6
mnist/3223.png,2
mnist/3224.png,8
mnist/3225.png,7
mnist/3226.png,0
mnist/3227.png,1
mnist/3228.png,4
mnist/3229.png,2
mnist/3230.png,1
mnist/3231.png,1
mnist/3232.png,4
mnist/3233.png,4
mnist/3234.png,4
mnist/3235.png,4
mnist/3236.png,7
mnist/3237.png,1
mnist/3238.png,6
mnist/3239.png,2
mnist/3240.png,9
mnist/3241.png,9
mnist/3242.png,0
mnist/3243.png,0
mnist/3244.png,1
mnist/3245.png,8
mnist/3246.png,8
mnist/3247.png,4
mnist/3248.png,3
mnist/3249.png,4
mnist/3250.png,2
mnist/3251.png,0
mnist/3252.png,6
mnist/3253.png,1
mnist/3254.png,6
mnist/3255.png,1
mnist/3256.png,2
mnist/3257.png,2
mnist/3258.png,2
mnist/3259.png,1
mnist/3260.png,2
mnist/3261.png,3
mnist/3262.png,7
mnist/3263.png,8
mnist/3264.png,1
mnist/3265.png,0
mnist/3266.png,0
mnist/3267.png,2
mnist/3268.png,1
mnist/3269.png,6
mnist/3270.png,6
mnist/3271.png,0
mnist/3272.png,1
mnist/3273.png,6
mnist/3274.png,2
mnist/3275.png,5
mnist/3276.png,1
mnist/3277.png,7
mnist/3278.png,4
mnist/3279.png,8
mnist/3280.png,2
mnist/3281.png,1
mnist/3282.png,4
mnist/3283.png,3
mnist/3284.png,8
mnist/3285.png,3
mnist/3286.png,9
mnist/3287.png,9
mnist/3288.png,4
mnist/3289.png,8
mnist/3290.png,3
mnist/3291.png,4
mnist/3292.png,7
mnist/3293.png,2
mnist/3294.png,7
mnist/3295.png,5
mnist/3296.png,7
mnist/3297.png,0
mnist/3298.png,4
mnist/3299.png,3
mnist/3300.png,3
mnist/3301.png,2
mnist/3302.png,6
mnist/3303.png,7
mnist/3304.png,6
mnist/3305.png,0
mnist/3306.png,0
mnist/3307.png,6
mnist/3308.png,7
mnist/3309.png,7
mnist/3310.png,0
mnist/3311.png,5
mnist/3312.png,5
mnist/3313.png,8
mnist/3314.png,1
mnist/3315.png,0
mnist/3316.png,7
mnist/3317.png,0
mnist/3318.png,2
mnist/3319.png,8
mnist/3320.png,1
mnist/3321.png,5
mnist/3322.png,0
mnist/3323.png,8
mnist/3324.png,8
mnist/3325.png,0
mnist/3326.png,3
mnist/3327.png,2
mnist/3328.png,7
mnist/3329.png,7
mnist/3330.png,2
mnist/3331.png,6
mnist/3332.png,4
mnist/3333.png,7
mnist/3334.png,5
mnist/3335.png,5
mnist/3336.png,5
mnist/3337.png,2
mnist/3338.png,9
mnist/3339.png,2
mnist/3340.png,8
mnist/3341.png,4
mnist/3342.png,6
mnist/3343.png,8
mnist/3344.png,6
mnist/3345.png,5
mnist/3346.png,0
mnist/3347.png,0
mnist/3348.png,8
mnist/3349.png,7
mnist/3350.png,6
mnist/3351.png,1
mnist/3352.png,7
mnist/3353.png,1
mnist/3354.png,1
mnist/3355.png,2
mnist/3356.png,7
mnist/3357.png,4
mnist/3358.png,0
mnist/3359.png,0
mnist/3360.png,7
mnist/3361.png,7
mnist/3362.png,6
mnist/3363.png,3
mnist/3364.png,8
mnist/3365.png,6
mnist/3366.png,4
mnist/3367.png,2
mnist/3368.png,0
mnist/3369.png,9
mnist/3370.png,4
mnist/3371.png,0
mnist/3372.png,5
mnist/3373.png,7
mnist/3374.png,8
mnist/3375.png,2
mnist/3376.png,7
mnist/3377.png,4
mnist/3378.png,7
mnist/3379.png,1
mnist/3380.png,1
mnist/3381.png,3
mnist/3382.png,6
mnist/3383.png,6
mnist/3384.png,2
mnist/3385.png,9
mnist/3386.png,1
mnist/3387.png,9
mnist/3388.png,4
mnist/3389.png,8
mnist/3390.png,3
mnist/3391.png,6
mnist/3392.png,9
mnist/3393.png,5
mnist/3394.png,9
mnist/3395.png,6
mnist/3396.png,2
mnist/3397.png,4
mnist/3398.png,6
mnist/3399.png,7
mnist/3400.png,7
mnist/3401.png,0
mnist/3402.png,6
mnist/3403.png,6
mnist/3404.png,9
mnist/3405.png,4
mnist/3406.png,8
mnist/3407.png,3
mnist/3408.png,5
mnist/3409.png,3
mnist/3410.png,4
mnist/3411.png,9
mnist/3412.png,0
mnist/3413.png,0
mnist/3414.png,5
mnist/3415.png,2
mnist/3416.png,5
mnist/3417.png,0
mnist/3418.png,7
mnist/3419.png,1
mnist/3420.png,1
mnist/3421.png,1
mnist/3422.png,6
mnist/3423.png,7
mnist/3424.png,6
mnist/3425.png,7
mnist/3426.png,9
mnist/3427.png,6
mnist/3428.png,6
mnist/3429.png,4
mnist/3430.png,1
mnist/3431.png,4
mnist/3432.png,3
mnist/3433.png,1
mnist/3434.png,1
mnist/3435.png,2
mnist/3436.png,2
mnist/3437.png,4
mnist/3438.png,1
mnist/3439.png,0
mnist/3440.png,8
mnist/3441.png,7
mnist/3442.png,6
mnist/3443.png,3
mnist/3444.png,4
mnist/3445.png,0
mnist/3446.png,0
mnist/3447.png,6
mnist/3448.png,3
mnist/3449.png,3
mnist/3450.png,0
mnist/3451.png,7
mnist/3452.png,1
mnist/3453.png,7
mnist/3454.png,1
mnist/3455.png,1
mnist/3456.png,3
mnist/3457.png,1
mnist/3458.png,0
mnist/3459.png,9
mnist/3460.png,9
mnist/3461.png,7
mnist/3462.png,5
mnist/3463.png,4
mnist/3464.png,1
mnist/3465.png,4
mnist/3466.png,8
mnist/3467.png,9
mnist/3468.png,5
mnist/3469.png,3
mnist/3470.png,5
mnist/3471.png,1
mnist/3472.png,9
mnist/3473.png,8
mnist/3474.png,2
mnist/3475.png,3
mnist/3476.png,3
mnist/3477.png,9
mnist/3478.png,9
mnist/3479.png,0
mnist/3480.png,1
mnist/3481.png,0
mnist/3482.png,2
mnist/3483.png,9
mnist/3484.png,3
mnist/3485.png,9
mnist/3486.png,3
mnist/3487.png,3
mnist/3488.png,6
mnist/3489.png,2
mnist/3490.png,4
mnist/3491.png,9
mnist/3492.png,8
mnist/3493.png,3
mnist/3494.png,7
mnist/3495.png,4
mnist/3496.png,0
mnist/3497.png,4
mnist/3498.png,7
mnist/3499.png,8
mnist/3500.png,4
mnist/3501.png,9
mnist/3502.png,8
mnist/3503.png,9
mnist/3504.png,9
mnist/3505.png,7
mnist/3506.png,5
mnist/3507.png,9
mnist/3508.png,2
mnist/3509.png,8
mnist/3510.png,2
mnist/3511.png,2
mnist/3512.png,0
mnist/3513.png,2
mnist/3514.png,2
mnist/3515.png,3
mnist/3516.png,8
mnist/3517.png,4
mnist/3518.png,6
mnist/3519.png,8
mnist/3520.png,6
mnist/3521.png,8
mnist/3522.png,2
mnist/3523.png,4
mnist/3524.png,6
mnist/3525.png,7
mnist/3526.png,9
mnist/3527.png,3
mnist/3528.png,3
mnist/3529.png,9
mnist/3530.png,4
mnist/3531.png,3
mnist/3532.png,1
mnist/3533.png,4
mnist/3534.png,4
mnist/3535.png,7
mnist/3536.png,0
mnist/3537.png,5
mnist/3538.png,9
mnist/3539.png,6
mnist/3540.png,0
mnist/3541.png,4
mnist/3542.png,4
mnist/3543.png,4
mnist/3544.png,4
mnist/3545.png,6
mnist/3546.png,1
mnist/3547.png,2
mnist/3548.png,3
mnist/3549.png,3
mnist/3550.png,6
mnist/3551.png,4
mnist/3552.png,5
mnist/3553.png,9
mnist/3554.png,6
mnist/3555.png,8
mnist/3556.png,5
mnist/3557.png,6
mnist/3558.png,5
mnist/3559.png,8
mnist/3560.png,6
mnist/3561.png,4
mnist/3562.png,1
mnist/3563.png,8
mnist/3564.png,6
mnist/3565.png,5
mnist/3566.png,2
mnist/3567.png,8
mnist/3568.png,4
mnist/3569.png,5
mnist/3570.png,5
mnist/3571.png,4
mnist/3572.png,7
mnist/3573.png,7
mnist/3574.png,0
mnist/3575.png,7
mnist/3576.png,8
mnist/3577.png,2
mnist/3578.png,2
mnist/3579.png,3
mnist/3580.png,7
mnist/3581.png,0
mnist/3582.png,1
mnist/3583.png,8
mnist/3584.png,0
mnist/3585.png,7
mnist/3586.png,1
mnist/3587.png,9
mnist/3588.png,8
mnist/3589.png,7
mnist/3590.png,5
mnist/3591.png,5
mnist/3592.png,9
mnist/3593.png,1
mnist/3594.png,7
mnist/3595.png,5
mnist/3596.png,4
mnist/3597.png,9
mnist/3598.png,1
mnist/3599.png,2
mnist/3600.png,2
mnist/3601.png,1
mnist/3602.png,6
mnist/3603.png,6
mnist/3604.png,7
mnist/3605.png,1
mnist/3606.png,1
mnist/3607.png,4
mnist/3608.png,0
mnist/3609.png,7
mnist/3610.png,4
mnist/3611.png,2
mnist/3612.png,4
mnist/3613.png,0
mnist/3614.png,6
mnist/3615.png,4
mnist/3616.png,7
mnist/3617.png,6
mnist/3618.png,9
mnist/3619.png,5
mnist/3620.png,3
mnist/3621.png,4
mnist/3622.png,6
mnist/3623.png,5
mnist/3624.png,0
mnist/3625.png,1
mnist/3626.png,8
mnist/3627.png,8
mnist/3628.png,2
mnist/3629.png,8
mnist/3630.png,3
mnist/3631.png,5
mnist/3632.png,7
mnist/3633.png,8
mnist/3634.png,0
mnist/3635.png,8
mnist/3636.png,5
mnist/3637.png,7
mnist/3638.png,1
mnist/3639.png,1
mnist/3640.png,0
mnist/3641.png,1
mnist/3642.png,3
mnist/3643.png,7
mnist/3644.png,8
mnist/3645.png,5
mnist/3646.png,0
mnist/3647.png,7
mnist/3648.png,1
mnist/3649.png,1
mnist/3650.png,0
mnist/3651.png,1
mnist/3652.png,1
mnist/3653.png,4
mnist/3654.png,5
mnist/3655.png,2
mnist/3656.png,7
mnist/3657.png,6
mnist/3658.png,2
mnist/3659.png,3
mnist/3660.png,0
mnist/3661.png,2
mnist/3662.png,8
mnist/3663.png,5
mnist/3664.png,9
mnist/3665.png,6
mnist/3666.png,9
mnist/3667.png,7
mnist/3668.png,2
mnist/3669.png,1
mnist/3670.png,3
mnist/3671.png,6
mnist/3672.png,4
mnist/3673.png,1
mnist/3674.png,8
mnist/3675.png,2
mnist/3676.png,4
mnist/3677.png,0
mnist/3678.png,5
mnist/3679.png,1
mnist/3680.png,0
mnist/3681.png,2
mnist/3682.png,2
mnist/3683.png,6
mnist/3684.png,4
mnist/3685.png,4
mnist/3686.png,3
mnist/3687.png,9
mnist/3688.png,6
mnist/3689.png,1
mnist/3690.png,6
mnist/3691.png,5
mnist/3692.png,7
mnist/3693.png,9
mnist/3694.png,2
mnist/3695.png,0
mnist/3696.png,2
mnist/3697.png,6
mnist/3698.png,0
mnist/3699.png,1
mnist/3700.png,4
mnist/3701.png,3
mnist/3702.png,5
mnist/3703.png,2
mnist/3704.png,8
mnist/3705.png,8
mnist/3706.png,0
mnist/3707.png,8
mnist/3708.png,8
mnist/3709.png,9
mnist/3710.png,0
mnist/3711.png,9
mnist/3712.png,6
mnist/3713.png,7
mnist/3714.png,6
mnist/3715.png,3
mnist/3716.png,9
mnist/3717.png,3
mnist/3718.png,4
mnist/3719.png,7
mnist/3720.png,7
mnist/3721.png,7
mnist/3722.png,4
mnist/3723.png,9
mnist/3724.png,0
mnist/3725.png,6
mnist/3726.png,4
mnist/3727.png,8
mnist/3728.png,4
mnist/3729.png,2
mnist/3730.png,7
mnist/3731.png,2
mnist/3732.png,8
mnist/3733.png,1
mnist/3734.png,0
mnist/3735.png,0
mnist/3736.png,7
mnist/3737.png,8
mnist/3738.png,3
mnist/3739.png,3
mnist/3740.png,3
mnist/3741.png,1
mnist/3742.png,3
mnist/3743.png,7
mnist/3744.png,6
mnist/3745.png,1
mnist/3746.png,3
mnist/3747.png,1
mnist/3748.png,6
mnist/3749.png,6
mnist/3750.png,5
mnist/3751.png,7
mnist/3752.png,4
mnist/3753.png,7
mnist/3754.png,5
mnist/3755.png,9
mnist/3756.png,5
mnist/3757.png,8
mnist/3758.png,4
mnist/3759.png,9
mnist/3760.png,9
mnist/3761.png,1
mnist/3762.png,6
mnist/3763.png,5
mnist/3764.png,0
mnist/3765.png,1
mnist/3766.png,3
mnist/3767.png,7
mnist/3768.png,0
mnist/3769.png,3
mnist/3770.png,4
mnist/3771.png,8
mnist/3772.png,2
mnist/3773.png,2
mnist/3774.png,0
mnist/3775.png,2
mnist/3776.png,5
mnist/3777.png,1
mnist/3778.png,5
mnist/3779.png,1
mnist/3780.png,4
mnist/3781.png,8
mnist/3782.png,8
mnist/3783.png,9
mnist/3784.png,1
mnist/3785.png,2
mnist/3786.png,1
mnist/3787.png,3
mnist/3788.png,5
mnist/3789.png,1
mnist/3790.png,0
mnist/3791.png,9
mnist/3792.png,4
mnist/3793.png,4
mnist/3794.png,8
mnist/3795.png,3
mnist/3796.png,2
mnist/3797.png,5
mnist/3798.png,9
mnist/3799.png,7
mnist/3800.png,6
mnist/3801.png,6
mnist/3802.png,2
mnist/3803.png,0
mnist/3804.png,0
mnist/3805.png,0
mnist/3806.png,5
mnist/3807.png,8
mnist/3808.png,7
mnist/3809.png,1
mnist/3810.png,5
mnist/3811.png,2
mnist/3812.png,3
mnist/3813.png,8
mnist/3814.png,5
mnist/3815.png,1
mnist/3816.png,8
mnist/3817.png,2
mnist/3818.png,0
mnist/3819.png,4
mnist/3820.png,9
mnist/3821.png,9
mnist/3822.png,6
mnist/3823.png,2
mnist/3824.png,3
mnist/3825.png,3
mnist/3826.png,5
mnist/3827.png,6
mnist/3828.png,4
mnist/3829.png,8
mnist/3830.png,0
mnist/3831.png,9
mnist/3832.png,2
mnist/3833.png,8
mnist/3834.png,3
mnist/3835.png,6
mnist/3836.png,7
mnist/3837.png,5
mnist/3838.png,7
mnist/3839.png,2
mnist/3840.png,9
mnist/3841.png,4
mnist/3842.png,9
mnist/3843.png,1
mnist/3844.png,2
mnist/3845.png,8
mnist/3846.png,6
mnist/3847.png,0
mnist/3848.png,7
mnist/3849.png,0
mnist/3850.png,9
mnist/3851.png,1
mnist/3852.png,1
mnist/3853.png,6
mnist/3854.png,7
mnist/3855.png,5
mnist/3856.png,9
mnist/3857.png,9
mnist/3858.png,1
mnist/3859.png,9
mnist/3860.png,5
mnist/3861.png,9
mnist/3862.png,2
mnist/3863.png,5
mnist/3864.png,0
mnist/3865.png,4
mnist/3866.png,1
mnist/3867.png,0
mnist/3868.png,8
mnist/3869.png,9
mnist/3870.png,0
mnist/3871.png,8
mnist/3872.png,9
mnist/3873.png,8
mnist/3874.png,9
mnist/3875.png,4
mnist/3876.png,2
mnist/3877.png,5
mnist/3878.png,7
mnist/3879.png,9
mnist/3880.png,8
mnist/3881.png,9
mnist/3882.png,8
mnist/3883.png,0
mnist/3884.png,9
mnist/3885.png,9
mnist/3886.png,6
mnist/3887.png,8
mnist/3888.png,9
mnist/3889.png,9
mnist/3890.png,5
mnist/3891.png,9
mnist/3892.png,8
mnist/3893.png,5
mnist/3894.png,1
mnist/3895.png,0
mnist/3896.png,3
mnist/3897.png,3
mnist/3898.png,5
mnist/3899.png,2
mnist/3900.png,1
mnist/3901.png,6
mnist/3902.png,5
mnist/3903.png,0
mnist/3904.png,2
mnist/3905.png,8
mnist/3906.png,1
mnist/3907.png,5
mnist/3908.png,6
mnist/3909.png,2
mnist/3910.png,3
mnist/3911.png,0
mnist/3912.png,2
mnist/3913.png,2
mnist/3914.png,6
mnist/3915.png,4
mnist/3916.png,3
mnist/3917.png,5
mnist/3918.png,5
mnist/3919.png,1
mnist/3920.png,7
mnist/3921.png,2
mnist/3922.png,1
mnist/3923.png,6
mnist/3924.png,9
mnist/3925.png,1
mnist/3926.png,9
mnist/3927.png,9
mnist/3928.png,5
mnist/3929.png,5
mnist/3930.png,1
mnist/3931.png,6
mnist/3932.png,2
mnist/3933.png,2
mnist/3934.png,8
mnist/3935.png,6
mnist/3936.png,7
mnist/3937.png,1
mnist/3938.png,4
mnist/3939.png,6
mnist/3940.png,0
mnist/3941.png,4
mnist/3942.png,0
mnist/3943.png,3
mnist/3944.png,3
mnist/3945.png,2
mnist/3946.png,2
mnist/3947.png,3
mnist/3948.png,6
mnist/3949.png,8
mnist/3950.png,9
mnist/3951.png,8
mnist/3952.png,5
mnist/3953.png,3
mnist/3954.png,8
mnist/3955.png,5
mnist/3956.png,4
mnist/3957.png,5
mnist/3958.png,2
mnist/3959.png,0
mnist/3960.png,5
mnist/3961.png,6
mnist/3962.png,3
mnist/3963.png,2
mnist/3964.png,8
mnist/3965.png,3
mnist/3966.png,9
mnist/3967.png,9
mnist/3968.png,5
mnist/3969.png,7
mnist/3970.png,9
mnist/3971.png,4
mnist/3972.png,6
mnist/3973.png,7
mnist/3974.png,1
mnist/3975.png,3
mnist/3976.png,7
mnist/3977.png,3
mnist/3978.png,6
mnist/3979.png,6
mnist/3980.png,0
mnist/3981.png,9
mnist/3982.png,0
mnist/3983.png,1
mnist/3984.png,9
mnist/3985.png,9
mnist/3986.png,2
mnist/3987.png,8
mnist/3988.png,8
mnist/3989.png,0
mnist/3990.png,1
mnist/3991.png,6
mnist/3992.png,9
mnist/3993.png,7
mnist/3994.png,5
mnist/3995.png,3
mnist/3996.png,4
mnist/3997.png,7
mnist/3998.png,4
mnist/3999.png,9
mnist/4000.png,9
mnist/4001.png,4
mnist/4002.png,3
mnist/4003.png,6
mnist/4004.png,3
mnist/4005.png,1
mnist/4006.png,1
mnist/4007.png,7
mnist/4008.png,6
mnist/4009.png,9
mnist/4010.png,1
mnist/4011.png,8
mnist/4012.png,4
mnist/4013.png,1
mnist/4014.png,1
mnist/4015.png,9
mnist/4016.png,9
mnist/4017.png,4
mnist/4018.png,3
mnist/4019.png,6
mnist/4020.png,8
mnist/4021.png,1
mnist/4022.png,6
mnist/4023.png,0
mnist/4024.png,4
mnist/4025.png,1
mnist/4026.png,3
mnist/4027.png,7
mnist/4028.png,7
mnist/4029.png,4
mnist/4030.png,9
mnist/4031.png,5
mnist/4032.png,1
mnist/4033.png,0
mnist/4034.png,0
mnist/4035.png,1
mnist/4036.png,1
mnist/4037.png,6
mnist/4038.png,2
mnist/4039.png,1
mnist/4040.png,9
mnist/4041.png,8
mnist/4042.png,4
mnist/4043.png,0
mnist/4044.png,3
mnist/4045.png,6
mnist/4046.png,4
mnist/4047.png,9
mnist/4048.png,0
mnist/4049.png,7
mnist/4050.png,1
mnist/4051.png,6
mnist/4052.png,5
mnist/4053.png,7
mnist/4054.png,5
mnist/4055.png,2
mnist/4056.png,5
mnist/4057.png,1
mnist/4058.png,8
mnist/4059.png,5
mnist/4060.png,4
mnist/4061.png,7
mnist/4062.png,0
mnist/4063.png,6
mnist/4064.png,7
mnist/4065.png,0
mnist/4066.png,2
mnist/4067.png,5
mnist/4068.png,8
mnist/4069.png,1
mnist/4070.png,0
mnist/4071.png,4
mnist/4072.png,5
mnist/4073.png,7
mnist/4074.png,1
mnist/4075.png,8
mnist/4076.png,5
mnist/4077.png,1
mnist/4078.png,9
mnist/4079.png,0
mnist/4080.png,0
mnist/4081.png,6
mnist/4082.png,0
mnist/4083.png,7
mnist/4084.png,3
mnist/4085.png,1
mnist/4086.png,8
mnist/4087.png,3
mnist/4088.png,9
mnist/4089.png,7
mnist/4090.png,0
mnist/4091.png,0
mnist/4092.png,8
mnist/4093.png,9
mnist/4094.png,5
mnist/4095.png,9
mnist/4096.png,8
mnist/4097.png,3
mnist/4098.png,2
mnist/4099.png,7
mnist/4100.png,2
mnist/4101.png,9
mnist/4102.png,7
mnist/4103.png,2
mnist/4104.png,1
mnist/4105.png,1
mnist/4106.png,3
mnist/4107.png,7
mnist/4108.png,5
mnist/4109.png,3
mnist/4110.png,1
mnist/4111.png,9
mnist/4112.png,8
mnist/4113.png,2
mnist/4114.png,2
mnist/4115.png,2
mnist/4116.png,8
mnist/4117.png,8
mnist/4118.png,5
mnist/4119.png,7
mnist/4120.png,3
mnist/4121.png,8
mnist/4122.png,9
mnist/4123.png,8
mnist/4124.png,8
mnist/4125.png,6
mnist/4126.png,8
mnist/4127.png,2
mnist/4128.png,3
mnist/4129.png,9
mnist/4130.png,7
mnist/4131.png,5
mnist/4132.png,6
mnist/4133.png,2
mnist/4134.png,9
mnist/4135.png,2
mnist/4136.png,8
mnist/4137.png,8
mnist/4138.png,1
mnist/4139.png,6
mnist/4140.png,8
mnist/4141.png,8
mnist/4142.png,7
mnist/4143.png,9
mnist/4144.png,1
mnist/4145.png,8
mnist/4146.png,0
mnist/4147.png,1
mnist/4148.png,7
mnist/4149.png,2
mnist/4150.png,0
mnist/4151.png,7
mnist/4152.png,5
mnist/4153.png,1
mnist/4154.png,9
mnist/4155.png,0
mnist/4156.png,2
mnist/4157.png,0
mnist/4158.png,9
mnist/4159.png,8
mnist/4160.png,6
mnist/4161.png,2
mnist/4162.png,3
mnist/4163.png,9
mnist/4164.png,3
mnist/4165.png,8
mnist/4166.png,0
mnist/4167.png,2
mnist/4168.png,1
mnist/4169.png,1
mnist/4170.png,1
mnist/4171.png,1
mnist/4172.png,4
mnist/4173.png,2
mnist/4174.png,9
mnist/4175.png,7
mnist/4176.png,2
mnist/4177.png,5
mnist/4178.png,1
mnist/4179.png,1
mnist/4180.png,2
mnist/4181.png,1
mnist/4182.png,9
mnist/4183.png,9
mnist/4184.png,9
mnist/4185.png,1
mnist/4186.png,0
mnist/4187.png,2
mnist/4188.png,0
mnist/4189.png,2
mnist/4190.png,1
mnist/4191.png,1
mnist/4192.png,4
mnist/4193.png,6
mnist/4194.png,4
mnist/4195.png,1
mnist/4196.png,5
mnist/4197.png,4
mnist/4198.png,9
mnist/4199.png,7
mnist/4200.png,7
mnist/4201.png,1
mnist/4202.png,5
mnist/4203.png,6
mnist/4204.png,2
mnist/4205.png,2
mnist/4206.png,2
mnist/4207.png,8
mnist/4208.png,0
mnist/4209.png,6
mnist/4210.png,9
mnist/4211.png,6
mnist/4212.png,1
mnist/4213.png,9
mnist/4214.png,7
mnist/4215.png,7
mnist/4216.png,1
mnist/4217.png,4
mnist/4218.png,8
mnist/4219.png,5
mnist/4220.png,3
mnist/4221.png,4
mnist/4222.png,3
mnist/4223.png,4
mnist/4224.png,9
mnist/4225.png,7
mnist/4226.png,5
mnist/4227.png,0
mnist/4228.png,7
mnist/4229.png,4
mnist/4230.png,8
mnist/4231.png,8
mnist/4232.png,1
mnist/4233.png,5
mnist/4234.png,3
mnist/4235.png,9
mnist/4236.png,5
mnist/4237.png,9
mnist/4238.png,7
mnist/4239.png,6
mnist/4240.png,9
mnist/4241.png,0
mnist/4242.png,3
mnist/4243.png,6
mnist/4244.png,3
mnist/4245.png,9
mnist/4246.png,8
mnist/4247.png,2
mnist/4248.png,2
mnist/4249.png,1
mnist/4250.png,2
mnist/4251.png,8
mnist/4252.png,6
mnist/4253.png,8
mnist/4254.png,5
mnist/4255.png,5
mnist/4256.png,3
mnist/4257.png,9
mnist/4258.png,4
mnist/4259.png,9
mnist/4260.png,2
mnist/4261.png,5
mnist/4262.png,1
mnist/4263.png,5
mnist/4264.png,1
mnist/4265.png,4
mnist/4266.png,4
mnist/4267.png,1
mnist/4268.png,4
mnist/4269.png,4
mnist/4270.png,3
mnist/4271.png,5
mnist/4272.png,9
mnist/4273.png,1
mnist/4274.png,2
mnist/4275.png,2
mnist/4276.png,3
mnist/4277.png,3
mnist/4278.png,0
mnist/4279.png,2
mnist/4280.png,9
mnist/4281.png,0
mnist/4282.png,0
mnist/4283.png,9
mnist/4284.png,9
mnist/4285.png,6
mnist/4286.png,0
mnist/4287.png,9
mnist/4288.png,3
mnist/4289.png,2
mnist/4290.png,8
mnist/4291.png,4
mnist/4292.png,1
mnist/4293.png,9
mnist/4294.png,9
mnist/4295.png,7
mnist/4296.png,2
mnist/4297.png,7
mnist/4298.png,9
mnist/4299.png,9
mnist/4300.png,5
mnist/4301.png,9
mnist/4302.png,5
mnist/4303.png,1
mnist/4304.png,1
mnist/4305.png,8
mnist/4306.png,3
mnist/4307.png,5
mnist/4308.png,1
mnist/4309.png,9
mnist/4310.png,5
mnist/4311.png,3
mnist/4312.png,5
mnist/4313.png,4
mnist/4314.png,9
mnist/4315.png,5
mnist/4316.png,9
mnist/4317.png,3
mnist/4318.png,1
mnist/4319.png,9
mnist/4320.png,0
mnist/4321.png,9
mnist/4322.png,7
mnist/4323.png,5
mnist/4324.png,4
mnist/4325.png,9
mnist/4326.png,2
mnist/4327.png,0
mnist/4328.png,1
mnist/4329.png,0
mnist/4330.png,5
mnist/4331.png,1
mnist/4332.png,4
mnist/4333.png,9
mnist/4334.png,3
mnist/4335.png,3
mnist/4336.png,6
mnist/4337.png,1
mnist/4338.png,5
mnist/4339.png,2
mnist/4340.png,5
mnist/4341.png,2
mnist/4342.png,2
mnist/4343.png,0
mnist/4344.png,9
mnist/4345.png,2
mnist/4346.png,6
mnist/4347.png,6
mnist/4348.png,0
mnist/4349.png,1
mnist/4350.png,2
mnist/4351.png,0
mnist/4352.png,3
mnist/4353.png,0
mnist/4354.png,2
mnist/4355.png,5
mnist/4356.png,5
mnist/4357.png,7
mnist/4358.png,9
mnist/4359.png,5
mnist/4360.png,5
mnist/4361.png,0
mnist/4362.png,8
mnist/4363.png,9
mnist/4364.png,5
mnist/4365.png,0
mnist/4366.png,3
mnist/4367.png,2
mnist/4368.png,5
mnist/4369.png,9
mnist/4370.png,0
mnist/4371.png,8
mnist/4372.png,8
mnist/4373.png,4
mnist/4374.png,5
mnist/4375.png,8
mnist/4376.png,8
mnist/4377.png,4
mnist/4378.png,5
mnist/4379.png,4
mnist/4380.png,8
mnist/4381.png,5
mnist/4382.png,4
mnist/4383.png,9
mnist/4384.png,2
mnist/4385.png,2
mnist/4386.png,1
mnist/4387.png,2
mnist/4388.png,6
mnist/4389.png,8
mnist/4390.png,8
mnist/4391.png,7
mnist/4392.png,0
mnist/4393.png,3
mnist/4394.png,6
mnist/4395.png,6
mnist/4396.png,4
mnist/4397.png,3
mnist/4398.png,8
mnist/4399.png,8
mnist/4400.png,7
mnist/4401.png,2
mnist/4402.png,2
mnist/4403.png,0
mnist/4404.png,0
mnist/4405.png,9
mnist/4406.png,3
mnist/4407.png,9
mnist/4408.png,9
mnist/4409.png,1
mnist/4410.png,9
mnist/4411.png,8
mnist/4412.png,6
mnist/4413.png,6
mnist/4414.png,4
mnist/4415.png,2
mnist/4416.png,6
mnist/4417.png,9
mnist/4418.png,2
mnist/4419.png,8
mnist/4420.png,5
mnist/4421.png,4
mnist/4422.png,5
mnist/4423.png,7
mnist/4424.png,9
mnist/4425.png,9
mnist/4426.png,9
mnist/4427.png,2
mnist/4428.png,1
mnist/4429.png,8
mnist/4430.png,3
mnist/4431.png,4
mnist/4432.png,0
mnist/4433.png,7
mnist/4434.png,8
mnist/4435.png,3
mnist/4436.png,9
mnist/4437.png,3
mnist/4438.png,4
mnist/4439.png,6
mnist/4440.png,5
mnist/4441.png,6
mnist/4442.png,2
mnist/4443.png,3
mnist/4444.png,9
mnist/4445.png,2
mnist/4446.png,6
mnist/4447.png,0
mnist/4448.png,0
mnist/4449.png,6
mnist/4450.png,1
mnist/4451.png,2
mnist/4452.png,8
mnist/4453.png,7
mnist/4454.png,9
mnist/4455.png,8
mnist/4456.png,2
mnist/4457.png,0
mnist/4458.png,4
mnist/4459.png,7
mnist/4460.png,7
mnist/4461.png,5
mnist/4462.png,0
mnist/4463.png,5
mnist/4464.png,6
mnist/4465.png,4
mnist/4466.png,6
mnist/4467.png,7
mnist/4468.png,4
mnist/4469.png,3
mnist/4470.png,0
mnist/4471.png,7
mnist/4472.png,5
mnist/4473.png,0
mnist/4474.png,7
mnist/4475.png,4
mnist/4476.png,2
mnist/4477.png,0
mnist/4478.png,8
mnist/4479.png,9
mnist/4480.png,9
mnist/4481.png,4
mnist/4482.png,2
mnist/4483.png,4
mnist/4484.png,6
mnist/4485.png,7
mnist/4486.png,8
mnist/4487.png,7
mnist/4488.png,6
mnist/4489.png,9
mnist/4490.png,4
mnist/4491.png,1
mnist/4492.png,3
mnist/4493.png,7
mnist/4494.png,3
mnist/4495.png,0
mnist/4496.png,8
mnist/4497.png,8
mnist/4498.png,7
mnist/4499.png,6
mnist/4500.png,9
mnist/4501.png,3
mnist/4502.png,9
mnist/4503.png,2
mnist/4504.png,2
mnist/4505.png,9
mnist/4506.png,2
mnist/4507.png,1
mnist/4508.png,8
mnist/4509.png,3
mnist/4510.png,2
mnist/4511.png,9
mnist/4512.png,6
mnist/4513.png,8
mnist/4514.png,4
mnist/4515.png,0
mnist/4516.png,1
mnist/4517.png,2
mnist/4518.png,8
mnist/4519.png,4
mnist/4520.png,5
mnist/4521.png,2
mnist/4522.png,7
mnist/4523.png,8
mnist/4524.png,1
mnist/4525.png,1
mnist/4526.png,3
mnist/4527.png,0
mnist/4528.png,3
mnist/4529.png,5
mnist/4530.png,7
mnist/4531.png,0
mnist/4532.png,3
mnist/4533.png,1
mnist/4534.png,9
mnist/4535.png,3
mnist/4536.png,6
mnist/4537.png,3
mnist/4538.png,1
mnist/4539.png,7
mnist/4540.png,7
mnist/4541.png,3
mnist/4542.png,0
mnist/4543.png,8
mnist/4544.png,4
mnist/4545.png,8
mnist/4546.png,2
mnist/4547.png,6
mnist/4548.png,5
mnist/4549.png,2
mnist/4550.png,9
mnist/4551.png,7
mnist/4552.png,3
mnist/4553.png,9
mnist/4554.png,0
mnist/4555.png,9
mnist/4556.png,9
mnist/4557.png,6
mnist/4558.png,4
mnist/4559.png,2
mnist/4560.png,9
mnist/4561.png,7
mnist/4562.png,2
mnist/4563.png,1
mnist/4564.png,1
mnist/4565.png,6
mnist/4566.png,7
mnist/4567.png,4
mnist/4568.png,7
mnist/4569.png,5
mnist/4570.png,9
mnist/4571.png,6
mnist/4572.png,8
mnist/4573.png,2
mnist/4574.png,1
mnist/4575.png,4
mnist/4576.png,4
mnist/4577.png,5
mnist/4578.png,7
mnist/4579.png,6
mnist/4580.png,1
mnist/4581.png,3
mnist/4582.png,2
mnist/4583.png,5
mnist/4584.png,9
mnist/4585.png,9
mnist/4586.png,3
mnist/4587.png,6
mnist/4588.png,1
mnist/4589.png,1
mnist/4590.png,4
mnist/4591.png,6
mnist/4592.png,9
mnist/4593.png,7
mnist/4594.png,2
mnist/4595.png,1
mnist/4596.png,5
mnist/4597.png,1
mnist/4598.png,4
mnist/4599.png,6
mnist/4600.png,3
mnist/4601.png,8
mnist/4602.png,1
mnist/4603.png,1
mnist/4604.png,0
mnist/4605.png,3
mnist/4606.png,1
mnist/4607.png,6
mnist/4608.png,8
mnist/4609.png,4
mnist/4610.png,9
mnist/4611.png,0
mnist/4612.png,7
mnist/4613.png,3
mnist/4614.png,0
mnist/4615.png,2
mnist/4616.png,9
mnist/4617.png,0
mnist/4618.png,6
mnist/4619.png,6
mnist/4620.png,6
mnist/4621.png,3
mnist/4622.png,6
mnist/4623.png,7
mnist/4624.png,7
mnist/4625.png,2
mnist/4626.png,8
mnist/4627.png,6
mnist/4628.png,0
mnist/4629.png,8
mnist/4630.png,3
mnist/4631.png,0
mnist/4632.png,2
mnist/4633.png,9
mnist/4634.png,8
mnist/4635.png,3
mnist/4636.png,2
mnist/4637.png,5
mnist/4638.png,3
mnist/4639.png,8
mnist/4640.png,8
mnist/4641.png,0
mnist/4642.png,0
mnist/4643.png,1
mnist/4644.png,9
mnist/4645.png,5
mnist/4646.png,1
mnist/4647.png,3
mnist/4648.png,9
mnist/4649.png,6
mnist/4650.png,0
mnist/4651.png,1
mnist/4652.png,4
mnist/4653.png,1
mnist/4654.png,7
mnist/4655.png,1
mnist/4656.png,2
mnist/4657.png,3
mnist/4658.png,7
mnist/4659.png,9
mnist/4660.png,7
mnist/4661.png,4
mnist/4662.png,9
mnist/4663.png,9
mnist/4664.png,3
mnist/4665.png,9
mnist/4666.png,2
mnist/4667.png,8
mnist/4668.png,2
mnist/4669.png,7
mnist/4670.png,1
mnist/4671.png,8
mnist/4672.png,0
mnist/4673.png,9
mnist/4674.png,1
mnist/4675.png,0
mnist/4676.png,1
mnist/4677.png,7
mnist/4678.png,7
mnist/4679.png,9
mnist/4680.png,6
mnist/4681.png,9
mnist/4682.png,9
mnist/4683.png,9
mnist/4684.png,2
mnist/4685.png,1
mnist/4686.png,6
mnist/4687.png,1
mnist/4688.png,3
mnist/4689.png,5
mnist/4690.png,7
mnist/4691.png,1
mnist/4692.png,9
mnist/4693.png,7
mnist/4694.png,6
mnist/4695.png,4
mnist/4696.png,5
mnist/4697.png,7
mnist/4698.png,6
mnist/4699.png,6
mnist/4700.png,9
mnist/4701.png,9
mnist/4702.png,6
mnist/4703.png,3
mnist/4704.png,6
mnist/4705.png,2
mnist/4706.png,9
mnist/4707.png,8
mnist/4708.png,1
mnist/4709.png,2
mnist/4710.png,2
mnist/4711.png,5
mnist/4712.png,5
mnist/4713.png,2
mnist/4714.png,3
mnist/4715.png,7
mnist/4716.png,2
mnist/4717.png,1
mnist/4718.png,0
mnist/4719.png,1
mnist/4720.png,0
mnist/4721.png,4
mnist/4722.png,5
mnist/4723.png,2
mnist/4724.png,8
mnist/4725.png,2
mnist/4726.png,8
mnist/4727.png,3
mnist/4728.png,5
mnist/4729.png,1
mnist/4730.png,7
mnist/4731.png,8
mnist/4732.png,1
mnist/4733.png,1
mnist/4734.png,2
mnist/4735.png,9
mnist/4736.png,7
mnist/4737.png,8
mnist/4738.png,4
mnist/4739.png,0
mnist/4740.png,3
mnist/4741.png,0
mnist/4742.png,7
mnist/4743.png,8
mnist/4744.png,8
mnist/4745.png,4
mnist/4746.png,7
mnist/4747.png,7
mnist/4748.png,8
mnist/4749.png,5
mnist/4750.png,8
mnist/4751.png,4
mnist/4752.png,9
mnist/4753.png,8
mnist/4754.png,1
mnist/4755.png,3
mnist/4756.png,8
mnist/4757.png,0
mnist/4758.png,3
mnist/4759.png,1
mnist/4760.png,7
mnist/4761.png,9
mnist/4762.png,5
mnist/4763.png,5
mnist/4764.png,1
mnist/4765.png,6
mnist/4766.png,5
mnist/4767.png,7
mnist/4768.png,4
mnist/4769.png,9
mnist/4770.png,3
mnist/4771.png,5
mnist/4772.png,4
mnist/4773.png,7
mnist/4774.png,1
mnist/4775.png,2
mnist/4776.png,0
mnist/4777.png,8
mnist/4778.png,1
mnist/4779.png,6
mnist/4780.png,0
mnist/4781.png,7
mnist/4782.png,3
mnist/4783.png,4
mnist/4784.png,7
mnist/4785.png,3
mnist/4786.png,9
mnist/4787.png,6
mnist/4788.png,0
mnist/4789.png,8
mnist/4790.png,6
mnist/4791.png,4
mnist/4792.png,8
mnist/4793.png,7
mnist/4794.png,7
mnist/4795.png,9
mnist/4796.png,3
mnist/4797.png,8
mnist/4798.png,6
mnist/4799.png,9
mnist/4800.png,7
mnist/4801.png,2
mnist/4802.png,3
mnist/4803.png,4
mnist/4804.png,0
mnist/4805.png,2
mnist/4806.png,1
mnist/4807.png,8
mnist/4808.png,3
mnist/4809.png,5
mnist/4810.png,5
mnist/4811.png,7
mnist/4812.png,2
mnist/4813.png,4
mnist/4814.png,6
mnist/4815.png,7
mnist/4816.png,2
mnist/4817.png,8
mnist/4818.png,3
mnist/4819.png,0
mnist/4820.png,8
mnist/4821.png,7
mnist/4822.png,8
mnist/4823.png,9
mnist/4824.png,0
mnist/4825.png,8
mnist/4826.png,4
mnist/4827.png,4
mnist/4828.png,5
mnist/4829.png,8
mnist/4830.png,5
mnist/4831.png,6
mnist/4832.png,6
mnist/4833.png,3
mnist/4834.png,0
mnist/4835.png,9
mnist/4836.png,3
mnist/4837.png,7
mnist/4838.png,6
mnist/4839.png,8
mnist/4840.png,9
mnist/4841.png,3
mnist/4842.png,4
mnist/4843.png,9
mnist/4844.png,5
mnist/4845.png,8
mnist/4846.png,9
mnist/4847.png,1
mnist/4848.png,2
mnist/4849.png,8
mnist/4850.png,8
mnist/4851.png,6
mnist/4852.png,8
mnist/4853.png,1
mnist/4854.png,3
mnist/4855.png,7
mnist/4856.png,9
mnist/4857.png,0
mnist/4858.png,1
mnist/4859.png,1
mnist/4860.png,4
mnist/4861.png,7
mnist/4862.png,0
mnist/4863.png,8
mnist/4864.png,1
mnist/4865.png,7
mnist/4866.png,4
mnist/4867.png,5
mnist/4868.png,7
mnist/4869.png,1
mnist/4870.png,2
mnist/4871.png,1
mnist/4872.png,1
mnist/4873.png,3
mnist/4874.png,9
mnist/4875.png,6
mnist/4876.png,2
mnist/4877.png,1
mnist/4878.png,2
mnist/4879.png,8
mnist/4880.png,0
mnist/4881.png,7
mnist/4882.png,6
mnist/4883.png,6
mnist/4884.png,9
mnist/4885.png,3
mnist/4886.png,7
mnist/4887.png,0
mnist/4888.png,5
mnist/4889.png,2
mnist/4890.png,8
mnist/4891.png,0
mnist/4892.png,5
mnist/4893.png,4
mnist/4894.png,3
mnist/4895.png,8
mnist/4896.png,4
mnist/4897.png,6
mnist/4898.png,6
mnist/4899.png,2
mnist/4900.png,7
mnist/4901.png,9
mnist/4902.png,5
mnist/4903.png,1
mnist/4904.png,3
mnist/4905.png,2
mnist/4906.png,4
mnist/4907.png,3
mnist/4908.png,6
mnist/4909.png,1
mnist/4910.png,9
mnist/4911.png,4
mnist/4912.png,4
mnist/4913.png,7
mnist/4914.png,6
mnist/4915.png,5
mnist/4916.png,4
mnist/4917.png,1
mnist/4918.png,9
mnist/4919.png,9
mnist/4920.png,2
mnist/4921.png,7
mnist/4922.png,8
mnist/4923.png,0
mnist/4924.png,1
mnist/4925.png,3
mnist/4926.png,6
mnist/4927.png,1
mnist/4928.png,3
mnist/4929.png,4
mnist/4930.png,1
mnist/4931.png,1
mnist/4932.png,1
mnist/4933.png,5
mnist/4934.png,6
mnist/4935.png,0
mnist/4936.png,7
mnist/4937.png,0
mnist/4938.png,7
mnist/4939.png,2
mnist/4940.png,3
mnist/4941.png,2
mnist/4942.png,5
mnist/4943.png,2
mnist/4944.png,2
mnist/4945.png,9
mnist/4946.png,4
mnist/4947.png,9
mnist/4948.png,8
mnist/4949.png,1
mnist/4950.png,2
mnist/4951.png,1
mnist/4952.png,6
mnist/4953.png,1
mnist/4954.png,2
mnist/4955.png,7
mnist/4956.png,8
mnist/4957.png,0
mnist/4958.png,0
mnist/4959.png,0
mnist/4960.png,8
mnist/4961.png,2
mnist/4962.png,2
mnist/4963.png,9
mnist/4964.png,2
mnist/4965.png,2
mnist/4966.png,7
mnist/4967.png,9
mnist/4968.png,9
mnist/4969.png,2
mnist/4970.png,7
mnist/4971.png,5
mnist/4972.png,1
mnist/4973.png,3
mnist/4974.png,4
mnist/4975.png,9
mnist/4976.png,4
mnist/4977.png,1
mnist/4978.png,8
mnist/4979.png,5
mnist/4980.png,6
mnist/4981.png,2
mnist/4982.png,8
mnist/4983.png,3
mnist/4984.png,1
mnist/4985.png,2
mnist/4986.png,8
mnist/4987.png,4
mnist/4988.png,9
mnist/4989.png,9
mnist/4990.png,3
mnist/4991.png,7
mnist/4992.png,0
mnist/4993.png,7
mnist/4994.png,7
mnist/4995.png,2
mnist/4996.png,3
mnist/4997.png,2
mnist/4998.png,4
mnist/4999.png,0
mnist/5000.png,3
